name,datetime,tempmax,tempmin,temp,feelslikemax,feelslikemin,feelslike,dew,humidity,precip,precipprob,precipcover,preciptype,snow,snowdepth,windgust,windspeed,winddir,sealevelpressure,cloudcover,visibility,solarradiation,solarenergy,uvindex,severerisk,sunrise,sunset,moonphase,conditions,description,icon,stations
bangalore,01/11/2015,31.5,22.3,26.1,35.6,22.3,27.3,23.3,86.2,0.552,100,4.17,rain,0,0,31.3,13,110.2,1015.7,67.1,6.9,145.2,12.4,6,,2015-11-01T06:13:05,2015-11-01T17:53:08,0.66,"Rain, Partially cloudy",Partly cloudy throughout the day with afternoon rain.,rain,"43296099999,42705699999,VOBL,43295099999"
bangalore,02/11/2015,31,21.4,25.5,35.5,21.4,26.6,22.9,87.3,46.914,100,8.33,rain,0,0,22.3,12,130.5,1016.9,82.5,5.9,108.8,9.3,4,,2015-11-02T06:13:22,2015-11-02T17:52:48,0.69,"Rain, Partially cloudy",Partly cloudy throughout the day with rain.,rain,"43296099999,42705699999,VOBL,43295099999"
bangalore,03/11/2015,30.5,19.9,24.4,35.6,19.9,25.5,23,92.6,46.914,100,16.67,rain,0,0,18.7,12.8,177.1,1017.1,84.5,6.7,181.5,15.7,7,,2015-11-03T06:13:40,2015-11-03T17:52:29,0.75,"Rain, Partially cloudy",Partly cloudy throughout the day with rain.,rain,"43296099999,42705699999,VOBL,43295099999"
bangalore,04/11/2015,30.5,20.7,25.5,37,20.7,27.2,23.7,90.7,30.356,100,8.33,rain,0,0,18.7,13.8,79.6,1016.5,68.7,5.8,166.9,14.4,7,,2015-11-04T06:13:58,2015-11-04T17:52:11,0.75,"Rain, Partially cloudy",Partly cloudy throughout the day with rain.,rain,"43296099999,42705699999,VOBL,43295099999"
bangalore,05/11/2015,31,20.3,25.5,35,20.3,26.5,21.9,82.1,0.9,100,16.67,rain,0,0,28.4,13,66.1,1016.4,48.1,7.1,218.7,18.8,8,,2015-11-05T06:14:17,2015-11-05T17:51:54,0.79,"Rain, Partially cloudy",Partly cloudy throughout the day with rain.,rain,"43296099999,42705699999,VOBL,43295099999"
bangalore,06/11/2015,30.5,20.6,25.7,32.8,20.6,26.6,21.3,78.9,0,0,0,,0,0,31.7,16.6,57.4,1015.5,49.6,7.2,247.4,21.3,9,,2015-11-06T06:14:37,2015-11-06T17:51:38,0.82,Partially cloudy,Partly cloudy throughout the day.,partly-cloudy-day,"43296099999,42705699999,VOBL,remote,43295099999"
bangalore,07/11/2015,31,21,25.5,33.1,21,26.1,21.4,80.6,0,0,0,,0,0,34.2,17.5,72.1,1016.3,41.5,7.3,211.2,18.2,9,,2015-11-07T06:14:57,2015-11-07T17:51:23,0.85,Partially cloudy,Partly cloudy throughout the day.,partly-cloudy-day,"43296099999,42705699999,VOBL,43295099999"
bangalore,08/11/2015,30,20.1,25,34.1,20.1,25.9,22.1,85.3,0,0,0,,0,0,43.2,19.5,38,1016.5,54.5,7,201.2,17.3,8,,2015-11-08T06:15:18,2015-11-08T17:51:09,0.89,Partially cloudy,Partly cloudy throughout the day.,partly-cloudy-day,"43296099999,42705699999,VOBL,43295099999"
bangalore,09/11/2015,25,19.4,22.9,25,19.4,22.9,22.3,97,22.078,100,16.67,rain,0,0,48.2,21.4,350.9,1013.5,91.4,4.4,59.9,5.1,3,,2015-11-09T06:15:39,2015-11-09T17:50:56,0.92,"Rain, Overcast",Cloudy skies throughout the day with rain.,rain,"43296099999,42705699999,VOBL,43295099999"
bangalore,10/11/2015,23.1,18.6,21.2,23.1,18.6,21.2,21.1,99,26.677,100,16.67,rain,0,0,55.8,20.5,323.9,1011.8,99.2,4,45,3.9,2,,2015-11-10T06:16:01,2015-11-10T17:50:45,0.95,"Rain, Overcast",Cloudy skies throughout the day with a chance of rain throughout the day.,rain,"43296099999,42705699999,VOBL,43295099999"
bangalore,11/11/2015,27,19.6,23,31.5,19.6,23.2,22.8,98.8,9.199,100,12.5,rain,0,0,50,17.4,83,1013.8,91.3,3.7,80.3,6.9,4,,2015-11-11T06:16:24,2015-11-11T17:50:34,0,"Rain, Overcast",Cloudy skies throughout the day with rain clearing later.,rain,"43296099999,42705699999,VOBL,43295099999"
bangalore,12/11/2015,29,20,24.1,35,20,25.2,23.1,94.7,10.119,100,8.33,rain,0,0,30.6,13.9,79.1,1017.4,77.5,6,150.6,13,7,,2015-11-12T06:16:48,2015-11-12T17:50:25,0.02,"Rain, Partially cloudy",Partly cloudy throughout the day with late afternoon rain.,rain,"43296099999,42705699999,VOBL,43295099999"
bangalore,13/11/2015,26,17.1,22.2,26,17.1,22.2,20.5,91,2.852,100,8.33,rain,0,0,29.5,12.1,39.2,1018,86,5.5,152.8,13.1,6,,2015-11-13T06:17:12,2015-11-13T17:50:16,0.05,"Rain, Partially cloudy",Partly cloudy throughout the day with rain clearing later.,rain,"43296099999,42705699999,VOBL,43295099999"
bangalore,14/11/2015,27.5,16.4,22.2,27.9,16.4,22.2,18.5,82,0,0,0,,0,0,33.8,14.8,55.5,1015.8,68,6.2,173.8,15,7,,2015-11-14T06:17:36,2015-11-14T17:50:09,0.09,Partially cloudy,Partly cloudy throughout the day.,partly-cloudy-day,"43296099999,42705699999,VOBL,43295099999"
bangalore,15/11/2015,24,19.2,21.5,24,19.2,21.5,20.8,96.1,4.6,100,8.33,rain,0,0,33.8,14.8,30,1016.2,93.2,3.5,88.6,7.6,5,,2015-11-15T06:18:01,2015-11-15T17:50:03,0.12,"Rain, Overcast",Cloudy skies throughout the day with rain in the morning and afternoon.,rain,"43296099999,42705699999,VOBL,43295099999"
bangalore,16/11/2015,24.1,18.1,21.5,24.1,18.1,21.5,21,97.4,2.76,100,4.17,rain,0,0,34.9,20.5,23.3,1013.2,93.5,3.6,23.2,1.9,1,,2015-11-16T06:18:27,2015-11-16T17:49:58,0.16,"Rain, Overcast",Cloudy skies throughout the day with morning rain.,rain,"43296099999,42705699999,VOBL,43295099999"
bangalore,17/11/2015,25.1,18.9,21.8,25.1,18.9,21.8,21.4,97.6,6.9,100,12.5,rain,0,0,29.2,18.4,350.8,1013.6,92.2,4.4,49.1,4.4,2,,2015-11-17T06:18:53,2015-11-17T17:49:54,0.19,"Rain, Overcast",Cloudy skies throughout the day with rain.,rain,"43296099999,42705699999,VOBL,43295099999"
bangalore,18/11/2015,25.1,19.5,22.6,25.1,19.5,22.6,22.1,97.1,0.184,100,4.17,rain,0,0,32.4,15.7,24.4,1014.3,89,5.4,83.7,7.1,4,,2015-11-18T06:19:20,2015-11-18T17:49:52,0.23,"Rain, Partially cloudy",Partly cloudy throughout the day with late afternoon rain.,rain,"43296099999,42705699999,VOBL,43295099999"
bangalore,19/11/2015,28,19.9,23.9,34,19.9,24.6,23.1,95.7,11.223,100,8.33,rain,0,0,25.2,13.9,86.2,1015,92.6,4.1,93,8,4,,2015-11-19T06:19:48,2015-11-19T17:49:50,0.25,"Rain, Overcast",Cloudy skies throughout the day with rain clearing later.,rain,"43296099999,42705699999,VOBL,43295099999"
bangalore,20/11/2015,29,20.2,24.3,35.6,20.2,24.8,23.3,94.2,10.135,100,12.5,rain,0,0,37.1,15.7,97.7,1015.2,66.6,6.4,135,11.7,6,,2015-11-20T06:20:15,2015-11-20T17:49:50,0.3,"Rain, Partially cloudy",Partly cloudy throughout the day with rain.,rain,"43296099999,42705699999,VOBL,43295099999"
bangalore,21/11/2015,29.1,20.3,24.2,34.7,20.3,25.1,22.6,91.3,2.76,100,4.17,rain,0,0,36,19.5,97.3,1015,72.8,6.6,153.5,13.2,6,,2015-11-21T06:20:44,2015-11-21T17:49:51,0.34,"Rain, Partially cloudy",Partly cloudy throughout the day with early morning rain.,rain,"43296099999,42705699999,VOBL,remote,43295099999"
bangalore,22/11/2015,27.5,20.6,23.7,32,20.6,24.3,23.1,96.6,3.864,100,8.33,rain,0,0,42.1,21.3,83.7,1015.9,83.3,5.6,140.5,12,6,,2015-11-22T06:21:13,2015-11-22T17:49:53,0.37,"Rain, Partially cloudy",Partly cloudy throughout the day with rain.,rain,"43296099999,42705699999,VOBL,43295099999"
bangalore,23/11/2015,30,19.7,24.4,35.9,19.7,25.4,23.2,93.5,10.119,100,8.33,rain,0,0,38.5,14.8,98,1016.6,74.4,5.9,92.9,8.1,4,,2015-11-23T06:21:42,2015-11-23T17:49:56,0.41,"Rain, Partially cloudy",Partly cloudy throughout the day with rain.,rain,"43296099999,42705699999,VOBL,43295099999"
bangalore,24/11/2015,29.5,19.2,24,33.6,19.2,24.8,22.3,91.2,2.76,100,4.17,rain,0,0,38.2,16.6,101.2,1017.3,68,6.6,177.3,15.3,7,,2015-11-24T06:22:12,2015-11-24T17:50:00,0.44,"Rain, Partially cloudy",Partly cloudy throughout the day with early morning rain.,rain,"43296099999,42705699999,VOBL,43295099999"
bangalore,25/11/2015,29.5,18.6,23.4,29.7,18.6,23.4,17.7,74.1,0,0,0,,0,0,28.4,20.5,89,1016.4,35.6,6.5,252.1,21.8,9,,2015-11-25T06:22:42,2015-11-25T17:50:05,0.48,Partially cloudy,Clearing in the afternoon.,partly-cloudy-day,"43296099999,42705699999,VOBL,remote,43295099999"
bangalore,26/11/2015,29.5,18.5,24,31.3,18.5,24.4,20.6,83.4,0,0,0,,0,0,26.6,12.1,79.9,1016.8,52.9,7.1,233.6,20.3,8,,2015-11-26T06:23:13,2015-11-26T17:50:12,0.5,Partially cloudy,Partly cloudy throughout the day.,partly-cloudy-day,"43296099999,42705699999,VOBL,43295099999"
bangalore,27/11/2015,32,20.1,25.1,30.9,20.1,25,18.6,72.1,0,0,0,,0,0,24.5,13.9,84.1,1015.6,47.3,6.9,230.8,20,8,,2015-11-27T06:23:43,2015-11-27T17:50:19,0.54,Partially cloudy,Partly cloudy throughout the day.,partly-cloudy-day,"43296099999,42705699999,VOBL,43295099999"
bangalore,28/11/2015,30,17.6,23.3,30,17.6,23.3,17.7,75.3,0,0,0,,0,0,22,12.1,68.2,1017.3,36.8,6.1,244.4,21.2,9,,2015-11-28T06:24:15,2015-11-28T17:50:28,0.57,Partially cloudy,Partly cloudy throughout the day.,partly-cloudy-day,"43296099999,42705699999,VOBL,43295099999"
bangalore,29/11/2015,28,18.4,23.3,33.6,18.4,24.1,22,92.7,0.46,100,4.17,rain,0,0,37.4,20.3,85.7,1018.1,76.4,5.3,104.3,9.1,5,,2015-11-29T06:24:46,2015-11-29T17:50:38,0.61,"Rain, Partially cloudy",Partly cloudy throughout the day with late afternoon rain.,rain,"43296099999,42705699999,VOBL,43295099999"
bangalore,30/11/2015,28.5,20.3,23.9,34.1,20.3,24.3,22.9,94.6,2.3,100,4.17,rain,0,0,31.3,14.8,69.5,1018.7,82.5,5.6,101.1,8.7,6,,2015-11-30T06:25:18,2015-11-30T17:50:49,0.64,"Rain, Partially cloudy",Partly cloudy throughout the day with early morning rain.,rain,"43296099999,42705699999,VOBL,43295099999"
bangalore,01/12/2015,26,20.1,22.9,26,20.1,22.9,22.3,96.1,0.184,100,4.17,rain,0,0,41.8,14.8,60.4,1016.8,89,6.5,96.9,8.4,5,,2015-12-01T06:25:50,2015-12-01T17:51:01,0.67,"Rain, Partially cloudy",Partly cloudy throughout the day with early morning rain.,rain,"43296099999,42705699999,VOBL,remote,43295099999"
bangalore,02/12/2015,27,20.1,23.4,31.2,20.1,23.6,22.9,97.1,3.2,100,12.5,rain,0,0,29.2,18.4,83.1,1016.5,91.7,5.5,32.1,2.8,1,,2015-12-02T06:26:23,2015-12-02T17:51:14,0.7,"Rain, Overcast",Cloudy skies throughout the day with a chance of rain throughout the day.,rain,"43296099999,42705699999,VOBL,remote,43295099999"
bangalore,03/12/2015,27,19.4,23.6,31.2,19.4,24,22.8,95.1,0.368,100,4.17,rain,0,0,29.9,15.7,53.2,1016.8,69.4,6.4,66.5,5.7,4,,2015-12-03T06:26:55,2015-12-03T17:51:28,0.75,"Rain, Partially cloudy",Partly cloudy throughout the day with afternoon rain.,rain,"43296099999,42705699999,VOBL,43295099999"
bangalore,04/12/2015,29.5,19.1,23.8,31.1,19.1,24.1,19.7,80.3,0,0,0,,0,0,40.3,20.5,51.3,1016.4,44.7,7.2,226.4,19.5,9,,2015-12-04T06:27:28,2015-12-04T17:51:43,0.77,Partially cloudy,Partly cloudy throughout the day.,partly-cloudy-day,"43296099999,42705699999,VOBL,remote,43295099999"
bangalore,05/12/2015,30,19,24,32.6,19,24.4,20.1,80.8,0,0,0,,0,0,46.1,20.3,62,1016.6,42,6.8,169.7,14.6,7,,2015-12-05T06:28:01,2015-12-05T17:51:59,0.8,Partially cloudy,Becoming cloudy in the afternoon.,partly-cloudy-day,"43296099999,42705699999,VOBL,43295099999"
bangalore,06/12/2015,29,19,23.4,30.1,19,23.7,19.2,78.8,0,0,0,,0,0,45.7,20.3,78.4,1017.1,65.9,7.4,140.8,12.1,6,,2015-12-06T06:28:34,2015-12-06T17:52:16,0.83,Partially cloudy,Partly cloudy throughout the day.,partly-cloudy-day,"43296099999,42705699999,VOBL,43295099999"
bangalore,07/12/2015,30.5,18.3,23.8,32.8,18.3,24.2,18.9,76.5,0,0,0,,0,0,32.8,14.8,64,1017.1,45.6,6.9,190.2,16.5,8,,2015-12-07T06:29:07,2015-12-07T17:52:34,0.87,Partially cloudy,Partly cloudy throughout the day.,partly-cloudy-day,"43296099999,VOBG,42705699999,VOBL,43302599999,43295099999"
bangalore,08/12/2015,29,17.9,22.2,30.1,17.9,22.2,16.5,72.8,0,0,0,,0,0,51.7,18,76.7,1017.4,41,6.1,180.5,15.6,8,,2015-12-08T06:29:40,2015-12-08T17:52:53,0.9,Partially cloudy,Partly cloudy throughout the day.,partly-cloudy-day,"43296099999,43272099999,VOBG,42705699999,VOBL,43302599999,43295099999"
bangalore,09/12/2015,27.5,19.1,22.1,32.4,19.1,22.3,19.7,86.6,0.368,100,4.17,rain,0,0,35.6,18.2,87.9,1017.8,66.7,5.5,167.8,14.4,7,,2015-12-09T06:30:13,2015-12-09T17:53:13,0.93,"Rain, Partially cloudy",Partly cloudy throughout the day with morning rain.,rain,"43296099999,VOBG,42705699999,VOBL,43302599999,43295099999"
bangalore,10/12/2015,24.5,20.1,22.5,24.5,20.1,22.5,20.3,87.6,0.024,100,4.17,rain,0,0,33.1,14.8,93.8,1017.6,74.1,5.2,142.6,12.4,6,,2015-12-10T06:30:46,2015-12-10T17:53:34,0.96,"Rain, Partially cloudy",Partly cloudy throughout the day with early morning rain.,rain,"43296099999,VOBG,42705699999,VOBL,43302599999,43295099999"
bangalore,11/12/2015,28.2,19.1,23.5,29.4,19.1,23.7,19.7,80.6,0,0,0,,0,0,31.7,11.3,132.8,1016.3,60.6,6.1,151.6,13,6,,2015-12-11T06:31:19,2015-12-11T17:53:56,0,Partially cloudy,Partly cloudy throughout the day.,partly-cloudy-day,"43296099999,VOBG,42705699999,VOBL,43302599999,43295099999"
bangalore,12/12/2015,29.3,20.3,24.4,29.3,20.3,24.4,18.9,74.4,0.3,100,4.17,rain,0,0,37.1,14.4,95.4,1015.1,55.9,6.5,161.5,14,7,,2015-12-12T06:31:52,2015-12-12T17:54:18,0.03,"Rain, Partially cloudy",Partly cloudy throughout the day with morning rain.,rain,"43296099999,VOBG,42705699999,VOBL,43302599999,43295099999"
bangalore,13/12/2015,30.1,21.1,24.8,29.3,21.1,24.7,18.1,70.4,0,0,0,,0,0,18,14.5,113.1,1015.6,32.7,7.2,205.3,17.7,7,,2015-12-13T06:32:25,2015-12-13T17:54:42,0.07,Partially cloudy,Partly cloudy throughout the day.,partly-cloudy-day,"43296099999,VOBG,42705699999,VOBL,43302599999,43295099999"
bangalore,14/12/2015,28.7,19.1,24.1,32.8,19.1,24.6,20.1,80,1.3,100,16.67,rain,0,0,22,17.8,128.6,1016.1,50.2,5.7,199.5,17.3,8,,2015-12-14T06:32:57,2015-12-14T17:55:06,0.1,"Rain, Partially cloudy",Partly cloudy throughout the day with rain.,rain,"43296099999,VOBG,42705699999,VOBL,43302599999,43295099999"
bangalore,15/12/2015,30.1,20.1,24,30.1,20.1,24.1,19.3,77.3,0,0,0,,0,0,20.2,10.2,124.9,1016.1,46.4,6.9,205.1,17.5,8,,2015-12-15T06:33:30,2015-12-15T17:55:31,0.14,Partially cloudy,Partly cloudy throughout the day.,partly-cloudy-day,"43296099999,VOBG,42705699999,VOBL,43302599999,43295099999"
bangalore,16/12/2015,29.2,19.1,23.4,31.2,19.1,23.5,17.3,73.1,0,0,0,,0,0,19.4,14.7,118.4,1016.8,40.1,5.7,212.5,18.2,8,,2015-12-16T06:34:02,2015-12-16T17:55:57,0.17,Partially cloudy,Clearing in the afternoon.,partly-cloudy-day,"43296099999,VOBG,42705699999,VOBL,43302599999,43295099999"
bangalore,17/12/2015,27.6,17.1,22.2,27.5,17.1,22.2,16.4,73,0,0,0,,0,0,25.6,18.3,120,1016.5,26.2,5.7,243.5,21.1,9,,2015-12-17T06:34:34,2015-12-17T17:56:23,0.21,Partially cloudy,Partly cloudy throughout the day.,partly-cloudy-day,"43296099999,VOBG,42705699999,VOBL,43302599999,43295099999"
bangalore,18/12/2015,26.2,18,21.8,26.2,18,21.8,17.8,79.4,0,0,0,,0,0,25.2,14.5,119.9,1017.4,48.9,5.4,225.7,19.5,8,,2015-12-18T06:35:06,2015-12-18T17:56:50,0.25,Partially cloudy,Partly cloudy throughout the day.,partly-cloudy-day,"43296099999,VOBG,42705699999,VOBL,43302599999,43295099999"
bangalore,19/12/2015,27.4,19.1,22.8,28,19.1,22.8,17.8,75.4,0,0,0,,0,0,23,14.7,107.5,1019,44.2,6.6,206.2,17.7,8,,2015-12-19T06:35:37,2015-12-19T17:57:18,0.28,Partially cloudy,Partly cloudy throughout the day.,partly-cloudy-day,"43296099999,VOBG,42705699999,VOBL,43302599999,43295099999"
bangalore,20/12/2015,27.2,19.1,22.7,27.6,19.1,22.8,18.2,77.4,0,0,0,,0,0,31.3,14.7,119.1,1018.8,34.6,6.9,219.9,19.1,8,,2015-12-20T06:36:08,2015-12-20T17:57:47,0.31,Partially cloudy,Partly cloudy throughout the day.,partly-cloudy-day,"43296099999,VOBG,42705699999,VOBL,43302599999,43295099999"
bangalore,21/12/2015,28.1,19.1,22.8,27.8,19.1,22.8,16.7,71.6,0,0,0,,0,0,23,12.1,110.5,1018.7,43.4,6.8,233.7,20,9,,2015-12-21T06:36:38,2015-12-21T17:58:16,0.35,Partially cloudy,Partly cloudy throughout the day.,partly-cloudy-day,"43296099999,VOBG,42705699999,VOBL,43302599999,43295099999"
bangalore,22/12/2015,29,17,22.7,28.4,17,22.6,15.2,66.9,0,0,0,,0,0,24.5,18,99.8,1019,11.5,7.3,239.7,20.9,8,,2015-12-22T06:37:08,2015-12-22T17:58:46,0.39,Clear,Clear conditions throughout the day.,clear-day,"43296099999,VOBG,42705699999,VOBL,43302599999,43295099999"
bangalore,23/12/2015,29.1,18.2,22.8,28.7,18.2,22.8,16.7,71.9,0,0,0,,0,0,27.4,14.7,110.3,1019.6,30.6,6.7,236.5,20.6,9,,2015-12-23T06:37:38,2015-12-23T17:59:16,0.42,Partially cloudy,Partly cloudy throughout the day.,partly-cloudy-day,"43296099999,VOBG,42705699999,VOBL,43302599999,43295099999"
bangalore,24/12/2015,29.1,18,22.6,28.1,18,22.5,15.1,67.2,107.5,100,4.17,rain,0,0,25.9,11.2,97.9,1018.5,28.8,6,242.8,21,9,,2015-12-24T06:38:07,2015-12-24T17:59:46,0.46,"Rain, Partially cloudy",Clearing in the afternoon with late afternoon rain.,rain,"43296099999,VOBG,42705699999,VOBL,43302599999,43295099999"
bangalore,25/12/2015,28.1,17,22,27.7,17,22,16,72.5,0,0,0,,0,0,37.1,18.2,85.6,1018.2,30.4,5.3,234.6,20.1,8,,2015-12-25T06:38:36,2015-12-25T18:00:18,0.5,Partially cloudy,Clearing in the afternoon.,partly-cloudy-day,"43296099999,VOBG,42705699999,VOBL,43302599999,43295099999"
bangalore,26/12/2015,27.2,18.1,22.5,27.2,18.1,22.5,16.3,71.2,0,0,0,,0,0,37.1,25.5,86.7,1018.9,40.6,5.8,237.5,20.6,8,,2015-12-26T06:39:04,2015-12-26T18:00:49,0.53,Partially cloudy,Clearing in the afternoon.,partly-cloudy-day,"43296099999,VOBG,42705699999,VOBL,43302599999,43295099999"
bangalore,27/12/2015,26,17.7,22.2,26,17.7,22.2,18.2,79.6,0,0,0,,0,0,41.8,18.3,78.4,1019.9,60.9,5,178.7,15.4,7,,2015-12-27T06:39:31,2015-12-27T18:01:21,0.56,Partially cloudy,Partly cloudy throughout the day.,partly-cloudy-day,"43296099999,VOBG,42705699999,VOBL,remote,43302599999,43295099999"
bangalore,28/12/2015,26.4,17.1,21.8,26.4,17.1,21.8,15.5,70.3,0,0,0,,0,0,34.9,18.4,91.7,1021.1,21,5.5,243,21.2,9,,2015-12-28T06:39:58,2015-12-28T18:01:53,0.59,Partially cloudy,Partly cloudy throughout the day.,partly-cloudy-day,"43296099999,VOBG,42705699999,VOBL,43302599999,43295099999"
bangalore,29/12/2015,28.3,16,22.1,27.9,16,22,14.2,65.1,0,0,0,,0,0,34.2,18.3,87.9,1019.9,16.5,6.8,245.5,21.2,9,,2015-12-29T06:40:24,2015-12-29T18:02:26,0.62,Clear,Clear conditions throughout the day.,clear-day,"43296099999,VOBG,42705699999,VOBL,43302599999,43295099999"
bangalore,30/12/2015,28.6,15.5,22,28.4,15.5,21.9,12.1,58.9,0,0,0,,0,0,39.2,25.8,86.9,1019.1,8.5,7.4,250.4,21.7,9,,2015-12-30T06:40:49,2015-12-30T18:02:59,0.65,Clear,Clear conditions throughout the day.,clear-day,"43296099999,VOBG,42705699999,VOBL,43302599999,43295099999"
bangalore,31/12/2015,30,15.9,21.8,29,15.9,21.7,13.1,62.9,0,0,0,,0,0,38.2,15.1,88.7,1020,21.4,6.5,251.8,21.8,9,,2015-12-31T06:41:14,2015-12-31T18:03:32,0.69,Partially cloudy,Partly cloudy throughout the day.,partly-cloudy-day,"43296099999,VOBG,42705699999,VOBL,43302599999,43295099999"
bangalore,01/01/2016,28.1,16.1,20.9,27.4,16.1,20.9,13.5,66.6,0,0,0,,0,0,41.8,27.3,89.7,1020.9,41.7,6,240.5,20.7,8,,2016-01-01T06:41:38,2016-01-01T18:04:06,0.72,Partially cloudy,Partly cloudy throughout the day.,partly-cloudy-day,"43296099999,43272099999,VOBG,42705699999,VOBL,43302599999,43295099999"
bangalore,02/01/2016,28.1,14.1,21.3,27,14.1,21.1,10.1,53.5,0,0,0,,0,0,37.8,22.3,84.2,1021.3,6,7.2,252.7,21.7,9,,2016-01-02T06:42:01,2016-01-02T18:04:39,0.75,Clear,Clear conditions throughout the day.,clear-day,"43296099999,VOBG,42705699999,VOBL,43302599999,43295099999"
bangalore,03/01/2016,27.6,15,21.1,26.8,15,21,11.4,58.8,0,0,0,,0,0,37.1,18.2,94,1020,10.5,7,252.9,21.7,9,,2016-01-03T06:42:23,2016-01-03T18:05:13,0.78,Clear,Clear conditions throughout the day.,clear-day,"43296099999,VOBG,42705699999,VOBL,43302599999,43295099999"
bangalore,04/01/2016,28.1,15,21.3,27.1,15,21.1,11.6,59.6,0,0,0,,0,0,39.2,18.4,90.5,1019.9,9.3,7.2,253.6,21.9,9,,2016-01-04T06:42:45,2016-01-04T18:05:47,0.81,Clear,Clear conditions throughout the day.,clear-day,"43296099999,VOBG,42705699999,VOBL,43302599999,43295099999"
bangalore,05/01/2016,28,16,21.2,27.3,16,21.1,12.1,60.8,0,0,0,,0,0,30.2,15,89.7,1019,8.9,6.5,255,22,9,,2016-01-05T06:43:05,2016-01-05T18:06:21,0.85,Clear,Clear conditions throughout the day.,clear-day,"43296099999,VOBG,42705699999,VOBL,43302599999,43295099999"
bangalore,06/01/2016,27.2,15.9,21.7,26.9,15.9,21.6,13.7,64.4,0,0,0,,0,0,21.6,18.5,108.3,1018.8,30.9,6.5,249.7,21.6,9,,2016-01-06T06:43:25,2016-01-06T18:06:55,0.88,Partially cloudy,Partly cloudy throughout the day.,partly-cloudy-day,"43296099999,VOBG,42705699999,VOBL,43302599999,43295099999"
bangalore,07/01/2016,26.3,17.2,21.6,26.3,17.2,21.6,15.9,72.2,0,0,0,,0,0,26.6,14.6,106.6,1019.5,54.7,5.8,241,20.9,8,,2016-01-07T06:43:44,2016-01-07T18:07:29,0.91,Partially cloudy,Partly cloudy throughout the day.,partly-cloudy-day,"43296099999,43272099999,VOBG,42705699999,VOBL,43302599999,43295099999"
bangalore,08/01/2016,26.1,16.1,20.9,26.1,16.1,20.9,14.1,67.9,0,0,0,,0,0,25.9,16.4,76.3,1019.8,31.4,5.7,233,20,8,,2016-01-08T06:44:02,2016-01-08T18:08:03,0.94,Partially cloudy,Partly cloudy throughout the day.,partly-cloudy-day,"43296099999,VOBG,42705699999,VOBL,43302599999,43295099999"
bangalore,09/01/2016,28.1,13.1,20.7,27,13.1,20.5,10.5,58.6,0,0,0,,0,0,31.7,14,88.5,1017.9,34.3,6.7,249.1,21.6,9,,2016-01-09T06:44:19,2016-01-09T18:08:37,0.97,Partially cloudy,Partly cloudy throughout the day.,partly-cloudy-day,"43296099999,VOBG,42705699999,VOBL,43302599999,43295099999"
bangalore,10/01/2016,27.2,14.1,20.9,26.4,14.1,20.8,10.9,59.4,0,0,0,,0,0,25.6,14.5,91.2,1018.8,18.5,6.1,253.5,22,9,,2016-01-10T06:44:35,2016-01-10T18:09:11,0,Clear,Clear conditions throughout the day.,clear-day,"43296099999,VOBG,42705699999,VOBL,43302599999,43295099999"
bangalore,11/01/2016,27.1,14.1,20.9,26.5,14.1,20.8,11.1,58.1,0,0,0,,0,0,29.2,15,90.8,1018.9,12.4,6.9,253.5,21.9,9,,2016-01-11T06:44:50,2016-01-11T18:09:45,0.04,Clear,Clear conditions throughout the day.,clear-day,"43296099999,VOBG,42705699999,VOBL,43302599999,43295099999"
bangalore,12/01/2016,28.5,14.1,21.1,27.7,14.1,21.1,11.8,60.3,0,0,0,,0,0,26.6,10.9,74.4,1017.6,22.1,6.7,251.8,21.8,9,,2016-01-12T06:45:04,2016-01-12T18:10:19,0.08,Partially cloudy,Becoming cloudy in the afternoon.,partly-cloudy-day,"43296099999,VOBG,42705699999,VOBL,43302599999,43295099999"
bangalore,13/01/2016,26.1,15.1,20.6,26.1,15.1,20.6,11.7,61.1,0,0,0,,0,0,24.8,14.5,89.3,1016.9,15.5,5.9,237.1,20.4,8,,2016-01-13T06:45:17,2016-01-13T18:10:52,0.11,Clear,Clear conditions throughout the day.,clear-day,"43296099999,VOBG,42705699999,VOBL,43302599999,43295099999"
bangalore,14/01/2016,27.2,15,21.1,26.6,15,21,11.7,59.8,0,0,0,,0,0,25.2,17.9,91.5,1017,11.7,6.4,254.9,22,9,,2016-01-14T06:45:29,2016-01-14T18:11:25,0.15,Clear,Clear conditions throughout the day.,clear-day,"43296099999,VOBG,42705699999,VOBL,43302599999,43295099999"
bangalore,15/01/2016,26.6,14.1,20.8,26.6,14.1,20.8,12.9,65,0,0,0,,0,0,29.9,11.2,98.7,1016.4,26.8,6.3,253.6,22,9,,2016-01-15T06:45:40,2016-01-15T18:11:59,0.19,Partially cloudy,Becoming cloudy in the afternoon.,partly-cloudy-day,"43296099999,VOBG,42705699999,VOBL,43302599999,43295099999"
bangalore,16/01/2016,27.3,16.1,21.7,26.9,16.1,21.6,14,66.4,0,0,0,,0,0,26.3,17.4,68.6,1015.7,44,5.4,219.7,19.1,9,,2016-01-16T06:45:50,2016-01-16T18:12:31,0.22,Partially cloudy,Partly cloudy throughout the day.,partly-cloudy-day,"43296099999,VOBG,42705699999,VOBL,43302599999,43295099999"
bangalore,17/01/2016,27.9,16.1,21.5,27.6,16.1,21.5,14.7,67.7,0,0,0,,0,0,46.4,14,165.1,1015.1,36.9,5.6,206.1,17.9,8,,2016-01-17T06:45:58,2016-01-17T18:13:04,0.25,Partially cloudy,Partly cloudy throughout the day.,partly-cloudy-day,"43296099999,VOBG,42705699999,VOBL,43302599999,43295099999"
bangalore,18/01/2016,26.8,16.1,21.9,27,16.1,21.9,15.5,69.4,0,0,0,,0,0,24.5,14,107.7,1014.7,40.5,5.7,213.4,18.3,8,,2016-01-18T06:46:06,2016-01-18T18:13:36,0.29,Partially cloudy,Becoming cloudy in the afternoon.,partly-cloudy-day,"43296099999,VOBG,42705699999,VOBL,43302599999,43295099999"
bangalore,19/01/2016,24.9,18.1,21.8,24.9,18.1,21.8,17.5,77.6,0.4,100,4.17,rain,0,0,25.9,11.2,125.2,1014.7,76,5.2,128.7,11,6,,2016-01-19T06:46:13,2016-01-19T18:14:08,0.33,"Rain, Partially cloudy",Partly cloudy throughout the day with early morning rain.,rain,"43296099999,VOBG,42705699999,VOBL,43302599999,43295099999"
bangalore,20/01/2016,26,19.2,21.9,26,19.2,21.9,20.1,89.8,4.608,100,12.5,rain,0,0,22.3,17.4,108.5,1016.3,80.8,4.2,83.6,7.1,4,,2016-01-20T06:46:18,2016-01-20T18:14:39,0.36,"Rain, Partially cloudy",Partly cloudy throughout the day with rain.,rain,"43296099999,VOBG,42705699999,VOBL,43302599999,43295099999"
bangalore,21/01/2016,27.4,19.4,23.3,28.5,19.4,23.4,19.4,80.3,1,100,29.17,rain,0,0,22.3,9.5,90,1016.9,65.8,4.7,160.8,13.8,6,,2016-01-21T06:46:23,2016-01-21T18:15:11,0.4,"Rain, Partially cloudy",Partly cloudy throughout the day with rain.,rain,"43296099999,43272099999,VOBG,42705699999,VOBL,43302599999,43295099999"
bangalore,22/01/2016,24.2,18.7,21.5,24.2,18.7,21.5,17.1,77.7,0.3,100,8.33,rain,0,0,28.1,14.7,90.7,1017.8,59.6,4.7,159.5,13.9,6,,2016-01-22T06:46:26,2016-01-22T18:15:41,0.44,"Rain, Partially cloudy",Partly cloudy throughout the day with afternoon rain.,rain,"43296099999,VOBG,42705699999,VOBL,43302599999,43295099999"
bangalore,23/01/2016,26.1,18.2,22.1,26.1,18.2,22.1,17.7,77.9,0.2,100,8.33,rain,0,0,33.8,14.2,91.2,1018.6,49.1,5.2,139,12.1,5,,2016-01-23T06:46:29,2016-01-23T18:16:12,0.47,"Rain, Partially cloudy",Partly cloudy throughout the day with early morning rain.,rain,"43296099999,43272099999,VOBG,42705699999,VOBL,43302599999,43295099999"
bangalore,24/01/2016,27.2,18.1,22.7,27.7,18.1,22.8,18.1,77.4,0.1,100,4.17,rain,0,0,28.4,18.1,95.1,1019.1,50.3,7,158.1,13.7,7,,2016-01-24T06:46:30,2016-01-24T18:16:41,0.5,"Rain, Partially cloudy",Partly cloudy throughout the day with afternoon rain.,rain,"43296099999,VOBG,42705699999,VOBL,43302599999,43295099999"
bangalore,25/01/2016,31.5,19.1,23.9,32.7,19.1,23.9,18.6,74.3,0,0,0,,0,0,25.9,11,104.8,1017.8,50,5.5,213.2,18.5,9,,2016-01-25T06:46:30,2016-01-25T18:17:11,0.54,Partially cloudy,Partly cloudy throughout the day.,partly-cloudy-day,"43296099999,VOBG,42705699999,VOBL,43302599999,43295099999"
bangalore,26/01/2016,27.9,19.5,23.6,28.4,19.5,23.7,17.8,72,0,0,0,,0,0,27,17.9,108.8,1017,54.8,5.2,206.8,17.8,8,,2016-01-26T06:46:29,2016-01-26T18:17:40,0.57,Partially cloudy,Partly cloudy throughout the day.,partly-cloudy-day,"43296099999,VOBG,42705699999,VOBL,43302599999,43295099999"
bangalore,27/01/2016,28.6,19.1,23.7,29.1,19.1,23.9,18.5,75,0,0,0,,0,0,23.8,9.3,110.9,1016.9,47.8,4.9,222.9,19.1,8,,2016-01-27T06:46:27,2016-01-27T18:18:08,0.6,Partially cloudy,Partly cloudy throughout the day.,partly-cloudy-day,"43296099999,VOBG,42705699999,VOBL,43302599999,43295099999"
bangalore,28/01/2016,30.3,17.1,24.1,29.5,17.1,23.9,15.9,65,0,0,0,,0,0,28.1,11,94.4,1017.6,11.9,6.5,261.1,22.6,9,,2016-01-28T06:46:23,2016-01-28T18:18:36,0.64,Clear,Clear conditions throughout the day.,clear-day,"43296099999,VOBG,42705699999,VOBL,43302599999,43295099999"
bangalore,29/01/2016,30.1,18,23.9,29.9,18,23.8,15.7,63.8,0,0,0,,0,0,29.2,14.7,90.1,1018.4,13.8,6.2,250.6,21.7,9,,2016-01-29T06:46:19,2016-01-29T18:19:03,0.67,Clear,Clear conditions throughout the day.,clear-day,"43296099999,VOBG,42705699999,VOBL,43302599999,43295099999"
bangalore,30/01/2016,29.2,17.9,23.5,28.3,17.9,23.3,14.1,60.5,0,0,0,,0,0,39.2,18.4,88.4,1018.7,4.7,6.2,268.5,23.1,9,,2016-01-30T06:46:14,2016-01-30T18:19:30,0.7,Clear,Clear conditions throughout the day.,clear-day,"43296099999,VOBG,42705699999,VOBL,43302599999,43295099999"
bangalore,31/01/2016,31.1,17,23.1,29.2,17,22.7,11.2,54.1,0,0,0,,0,0,38.2,22.2,86.6,1018.2,25.4,6.9,272.8,23.7,9,,2016-01-31T06:46:07,2016-01-31T18:19:57,0.73,Partially cloudy,Becoming cloudy in the afternoon.,partly-cloudy-day,"43296099999,VOBG,42705699999,VOBL,43302599999,43295099999"
bangalore,01/02/2016,31.2,16.5,23.1,29.3,16.5,22.6,9.7,49.3,0,0,0,,0,0,32.8,25.5,85.2,1018.1,33.6,7.6,275.6,23.9,9,,2016-02-01T06:46:00,2016-02-01T18:20:22,0.75,Partially cloudy,Partly cloudy throughout the day.,partly-cloudy-day,"43296099999,VOBG,42705699999,VOBL,43302599999,43295099999"
bangalore,02/02/2016,31.2,16,23.4,29.3,16,22.9,9.7,48.7,0,0,0,,0,0,33.5,18.2,90.2,1018.6,36.8,7.2,279.1,24,10,,2016-02-02T06:45:51,2016-02-02T18:20:47,0.8,Partially cloudy,Partly cloudy throughout the day.,partly-cloudy-day,"43296099999,43272099999,VOBG,42705699999,VOBL,43302599999,43295099999"
bangalore,03/02/2016,30.1,16.3,22.9,28.5,16.3,22.6,10.7,50.5,0,0,0,,0,0,30.6,17.4,97.6,1017.1,48.3,7.4,256.4,22,9,,2016-02-03T06:45:41,2016-02-03T18:21:12,0.83,Partially cloudy,Partly cloudy throughout the day.,partly-cloudy-day,"43296099999,VOBG,42705699999,VOBL,remote,43302599999,43295099999"
bangalore,04/02/2016,30.1,17,23.7,28.5,17,23.3,11.5,52.9,0,0,0,,0,0,34.2,18.2,85.5,1017.2,23.8,7.4,273,23.6,9,,2016-02-04T06:45:30,2016-02-04T18:21:36,0.86,Partially cloudy,Becoming cloudy in the afternoon.,partly-cloudy-day,"43296099999,VOBG,42705699999,VOBL,43302599999,43295099999"
bangalore,05/02/2016,31,16,23.9,29.4,16,23.5,12.3,53.1,0,0,0,,0,0,29.2,11.2,104.3,1017.5,21.5,7.1,274.8,23.7,9,,2016-02-05T06:45:18,2016-02-05T18:21:59,0.89,Partially cloudy,Partly cloudy throughout the day.,partly-cloudy-day,"43296099999,VOBG,42705699999,VOBL,43302599999,43295099999"
bangalore,06/02/2016,32.5,17.1,24.7,31.6,17.1,24.5,15.9,62.7,0,0,0,,0,0,25.9,14.8,105.4,1016,24.6,7.1,268.5,23.2,9,,2016-02-06T06:45:06,2016-02-06T18:22:22,0.92,Partially cloudy,Partly cloudy throughout the day.,partly-cloudy-day,"43296099999,42705699999,VOBL,43295099999"
bangalore,07/02/2016,32.5,18.9,25.6,32.7,18.9,25.9,19.1,71,0,0,0,,0,0,27,14.8,151.3,1017.5,41.3,6,255.4,22,9,,2016-02-07T06:44:52,2016-02-07T18:22:44,0.96,Partially cloudy,Partly cloudy throughout the day.,partly-cloudy-day,"43296099999,42705699999,VOBL,43295099999"
bangalore,08/02/2016,30.6,19.6,24.9,29.7,19.6,24.7,17,66.4,0,0,0,,0,0,27,17.6,95,1016.9,26.1,5.5,242.5,21,9,,2016-02-08T06:44:37,2016-02-08T18:23:06,0,Partially cloudy,Partly cloudy throughout the day.,partly-cloudy-day,"43296099999,43272099999,VOBG,42705699999,VOBL,43302599999,43295099999"
bangalore,09/02/2016,33.5,19.1,25.8,32.5,19.1,25.5,16.4,62.5,0,0,0,,0,0,28.1,13,99.7,1017.1,23.9,6,268.6,23.2,9,,2016-02-09T06:44:21,2016-02-09T18:23:27,0.02,Partially cloudy,Partly cloudy throughout the day.,partly-cloudy-day,"43296099999,42705699999,VOBL,remote,43295099999"
bangalore,10/02/2016,30.9,19.1,24.9,29.7,19.1,24.5,14.2,56.6,0,0,0,,0,0,27,10.8,116.7,1016.3,24.6,6.9,267.4,23,9,,2016-02-10T06:44:04,2016-02-10T18:23:47,0.06,Partially cloudy,Becoming cloudy in the afternoon.,partly-cloudy-day,"43296099999,VOBG,42705699999,VOBL,43302599999,43295099999"
bangalore,11/02/2016,31.1,20,25.4,29.8,20,25.1,13.5,50,0,0,0,,0,0,29.9,14.2,147.7,1015.7,35.4,6.8,255,22,9,,2016-02-11T06:43:46,2016-02-11T18:24:07,0.09,Partially cloudy,Partly cloudy throughout the day.,partly-cloudy-day,"43296099999,VOBG,42705699999,VOBL,43302599999,43295099999"
bangalore,12/02/2016,31.1,20.1,25.2,29.9,20.1,25,13.8,52,0,0,0,,0,0,25.6,14.1,137.1,1015.7,45.2,6.6,235,20.4,9,,2016-02-12T06:43:27,2016-02-12T18:24:26,0.13,Partially cloudy,Partly cloudy throughout the day.,partly-cloudy-day,"43296099999,VOBG,42705699999,VOBL,43302599999,43295099999"
bangalore,13/02/2016,30.2,20.1,24.9,29.5,20.1,24.6,14.1,54.7,0,0,0,,0,0,25.9,17.4,125.6,1016.1,34.4,7.1,219.4,19,8,,2016-02-13T06:43:07,2016-02-13T18:24:45,0.16,Partially cloudy,Partly cloudy throughout the day.,partly-cloudy-day,"43296099999,VOBG,42705699999,VOBL,43302599999,43295099999"
bangalore,14/02/2016,30.2,18,24.5,29.1,18,24.2,14.5,57.8,0,0,0,,0,0,40.7,22.3,96.3,1016.3,12.8,7.1,277.1,23.8,10,,2016-02-14T06:42:46,2016-02-14T18:25:03,0.2,Clear,Clear conditions throughout the day.,clear-day,"43296099999,VOBG,42705699999,VOBL,43302599999,43295099999"
bangalore,15/02/2016,28.8,16.1,22.9,27.9,16.1,22.8,14.2,62.1,0,0,0,,0,0,37.4,18.1,112,1016.7,14.2,7.5,280.6,24.3,10,,2016-02-15T06:42:25,2016-02-15T18:25:20,0.25,Clear,Clear conditions throughout the day.,clear-day,"43296099999,43272099999,VOBG,42705699999,VOBL,43302599999,43295099999"
bangalore,16/02/2016,30.2,19.1,24.5,29.1,19.1,24.2,15.6,62.6,0,0,0,,0,0,29.9,18.2,104.5,1017.9,33,7.6,273.4,23.6,10,,2016-02-16T06:42:02,2016-02-16T18:25:37,0.27,Partially cloudy,Partly cloudy throughout the day.,partly-cloudy-day,"43296099999,VOBG,42705699999,VOBL,43302599999,43295099999"
bangalore,17/02/2016,29.3,18,23.1,28.4,18,23,14.5,61.5,0,0,0,,0,0,38.9,22.4,94.4,1017.7,34.7,7.5,253.8,22,9,,2016-02-17T06:41:39,2016-02-17T18:25:53,0.31,Partially cloudy,Partly cloudy throughout the day.,partly-cloudy-day,"43296099999,VOBG,42705699999,VOBL,43302599999,43295099999"
bangalore,18/02/2016,32,19.4,24.1,31.3,19.4,24,16.7,66.8,0,0,0,,0,0,45.4,25.9,99,1018.1,44.1,7.1,262.4,22.7,9,,2016-02-18T06:41:14,2016-02-18T18:26:09,0.34,Partially cloudy,Partly cloudy throughout the day.,partly-cloudy-day,"43296099999,VOBG,42705699999,VOBL,43302599999,43295099999"
bangalore,19/02/2016,30.2,18.7,25.2,29.1,18.7,24.9,13.8,53.5,0,0,0,,0,0,36.7,18.7,107.9,1019.1,14.2,7.7,277.7,24,9,,2016-02-19T06:40:49,2016-02-19T18:26:24,0.38,Clear,Clear conditions throughout the day.,clear-day,"43296099999,VOBG,42705699999,VOBL,43302599999,43295099999"
bangalore,20/02/2016,32.5,19.3,25.7,31.6,19.3,25.5,16.2,60.1,0,0,0,,0,0,24.1,14.6,97.6,1018.6,24,7.2,278.9,24.1,10,,2016-02-20T06:40:23,2016-02-20T18:26:39,0.41,Partially cloudy,Becoming cloudy in the afternoon.,partly-cloudy-day,"43296099999,VOBG,42705699999,VOBL,43302599999,43295099999"
bangalore,21/02/2016,34.1,20,26.9,32.4,20,26.6,16,56.9,0,0,0,,0,0,20.9,11.1,92.5,1017.7,21.1,7.3,280.7,24.3,10,,2016-02-21T06:39:56,2016-02-21T18:26:53,0.45,Partially cloudy,Partly cloudy throughout the day.,partly-cloudy-day,"43296099999,VOBG,42705699999,VOBL,43302599999,43295099999"
bangalore,22/02/2016,37.5,21,28.1,35.1,21,27.7,15.3,53.7,0,0,0,,0,0,25.6,13,111.3,1018,8.7,7.2,285,24.7,10,,2016-02-22T06:39:29,2016-02-22T18:27:06,0.5,Clear,Clear conditions throughout the day.,clear-day,"43296099999,VOBG,42705699999,VOBL,43302599999,43295099999"
bangalore,23/02/2016,32.9,19,25.9,31.1,19,25.4,13.9,54.8,0,0,0,,0,0,24.5,14.5,111.2,1016.9,14.5,6.9,294.4,25.7,10,,2016-02-23T06:39:01,2016-02-23T18:27:19,0.52,Clear,Clear conditions throughout the day.,clear-day,"43296099999,VOBG,42705699999,VOBL,43302599999,43295099999"
bangalore,24/02/2016,32.2,20,26,31.2,20,25.9,15.1,53.3,0,0,0,,0,0,25.6,11.4,173.8,1015.7,25.5,7.3,282.9,24.5,10,,2016-02-24T06:38:32,2016-02-24T18:27:31,0.55,Partially cloudy,Partly cloudy throughout the day.,partly-cloudy-day,"43296099999,VOBG,42705699999,VOBL,43302599999,43295099999"
bangalore,25/02/2016,33,22,26.9,32.8,22,27.2,17.4,58.4,0,0,0,,0,0,25.2,14.7,106.9,1015.8,44.9,6.4,257.2,22.4,9,,2016-02-25T06:38:02,2016-02-25T18:27:43,0.58,Partially cloudy,Partly cloudy throughout the day.,partly-cloudy-day,"43296099999,VOBG,42705699999,VOBL,43302599999,43295099999"
bangalore,26/02/2016,30.2,21,26,31.4,21,26.3,17.9,64.8,0,0,0,,0,0,40.7,18.2,129.8,1018,30.9,6.8,273.2,23.5,9,,2016-02-26T06:37:32,2016-02-26T18:27:55,0.61,Partially cloudy,Partly cloudy throughout the day.,partly-cloudy-day,"43296099999,VOBG,42705699999,VOBL,43302599999,43295099999"
bangalore,27/02/2016,30.3,19.2,25.2,29,19.2,24.9,15.7,60.5,0,0,0,,0,0,30.2,20.7,118.3,1019,46.5,8.3,287,25,10,,2016-02-27T06:37:01,2016-02-27T18:28:06,0.65,Partially cloudy,Becoming cloudy in the afternoon.,partly-cloudy-day,"43296099999,VOBG,42705699999,VOBL,43302599999,43295099999"
bangalore,28/02/2016,30.2,20.1,24.9,29.4,20.1,24.8,16.8,64.1,0,0,0,,0,0,31,18.4,100.9,1020,46.3,7.6,244.4,21.1,9,,2016-02-28T06:36:29,2016-02-28T18:28:16,0.68,Partially cloudy,Partly cloudy throughout the day.,partly-cloudy-day,"43296099999,VOBG,42705699999,VOBL,43302599999,43295099999"
bangalore,29/02/2016,30.2,19.1,24.9,29.3,19.1,24.7,16.8,65.2,0,0,0,,0,0,26.3,18.3,99.5,1019.8,56.4,7.4,208.9,18.1,7,,2016-02-29T06:35:57,2016-02-29T18:28:26,0.71,Partially cloudy,Partly cloudy throughout the day.,partly-cloudy-day,"43296099999,VOBG,42705699999,VOBL,43302599999,43295099999"
bangalore,01/03/2016,33.5,19.1,25,33.1,19.1,24.9,16.7,64.4,0,0,0,,0,0,32.8,18.3,103.2,1018.3,37.1,7.8,277.4,23.9,10,,2016-03-01T06:35:24,2016-03-01T18:28:35,0.75,Partially cloudy,Partly cloudy throughout the day.,partly-cloudy-day,"43296099999,VOBG,42705699999,VOBL,43302599999,43295099999"
bangalore,02/03/2016,30.2,19.1,25,28.8,19.1,24.7,15.3,60.3,0,0,0,,0,0,30.2,14.8,96.5,1018.3,36.7,7.5,262.2,22.6,9,,2016-03-02T06:34:50,2016-03-02T18:28:45,0.75,Partially cloudy,Partly cloudy throughout the day.,partly-cloudy-day,"43296099999,VOBG,42705699999,VOBL,43302599999,43295099999"
bangalore,03/03/2016,32.1,19.1,25.4,30.5,19.1,25,14.9,57.6,0,0,0,,0,0,38.5,22.2,88.9,1018.7,29.4,7.2,293.1,25.3,10,,2016-03-03T06:34:16,2016-03-03T18:28:53,0.81,Partially cloudy,Partly cloudy throughout the day.,partly-cloudy-day,"43296099999,VOBG,42705699999,VOBL,43302599999,43295099999"
bangalore,04/03/2016,33.1,18.1,26,30.9,18.1,25.3,11.6,49.2,0,0,0,,0,0,28.8,14.9,88.1,1017.4,26.8,7.3,291.5,25.3,10,,2016-03-04T06:33:42,2016-03-04T18:29:02,0.84,Partially cloudy,Partly cloudy throughout the day.,partly-cloudy-day,"43296099999,VOBG,42705699999,VOBL,43302599999,43295099999"
bangalore,05/03/2016,32.3,17.3,25.4,30.7,17.3,24.9,13.6,53.7,0,0,0,,0,0,27,11.3,99.6,1016.3,33.4,7.2,290.1,25,10,,2016-03-05T06:33:07,2016-03-05T18:29:09,0.88,Partially cloudy,Partly cloudy throughout the day.,partly-cloudy-day,"43296099999,VOBG,42705699999,VOBL,43302599999,43295099999"
bangalore,06/03/2016,33.1,19.1,26.2,31.8,19.1,25.8,14.9,55.4,0,0,0,,0,0,27.7,18.3,122.3,1015.8,15.6,7.8,298.9,25.8,10,,2016-03-06T06:32:31,2016-03-06T18:29:17,0.91,Clear,Clear conditions throughout the day.,clear-day,"43296099999,VOBG,42705699999,VOBL,43302599999,43295099999"
bangalore,07/03/2016,32.2,18.1,25.5,30.8,18.1,25.1,14.1,55.7,0,0,0,,0,0,27.4,14.7,102.2,1015.5,28,7.7,294.3,25.4,10,,2016-03-07T06:31:55,2016-03-07T18:29:24,0.94,Partially cloudy,Clearing in the afternoon.,partly-cloudy-day,"43296099999,VOBG,42705699999,VOBL,43302599999,43295099999"
bangalore,08/03/2016,33.2,18.1,25.7,31.3,18.1,25.2,13.4,53.7,0,0,0,,0,0,25.6,14.3,103.4,1014.9,11.8,7.4,300.9,25.9,10,,2016-03-08T06:31:19,2016-03-08T18:29:31,0.97,Clear,Clear conditions throughout the day.,clear-day,"43296099999,VOBG,42705699999,VOBL,43302599999,43295099999"
bangalore,09/03/2016,34.1,18.1,26.7,32.4,18.1,26.2,14.4,53.7,0,0,0,,0,0,27.7,11,113.9,1015.3,20.1,6.6,303,26.1,10,,2016-03-09T06:30:42,2016-03-09T18:29:38,0,Partially cloudy,Clearing in the afternoon.,partly-cloudy-day,"43296099999,VOBG,42705699999,VOBL,43302599999,43295099999"
bangalore,10/03/2016,33.2,20.1,27,31.3,20.1,26.5,14,49.9,0,0,0,,0,0,23.4,18,103.7,1016.4,25.7,7.6,240.6,20.7,9,,2016-03-10T06:30:05,2016-03-10T18:29:44,0.04,Partially cloudy,Partly cloudy throughout the day.,partly-cloudy-day,"43296099999,VOBG,42705699999,VOBL,43302599999,43295099999"
bangalore,11/03/2016,34.2,21,27.5,32.4,21,27.2,15.5,53.5,0,0,0,,0,0,22.3,14.6,114,1016.7,21,7.4,298.8,26,10,,2016-03-11T06:29:28,2016-03-11T18:29:50,0.08,Partially cloudy,Partly cloudy throughout the day.,partly-cloudy-day,"43296099999,VOBG,42705699999,VOBL,43302599999,43295099999"
bangalore,12/03/2016,34.2,22.1,28.3,33.1,22.1,28.1,16.7,53.4,0,0,0,,0,0,23,17.9,185.2,1015.9,22.1,7.5,298.3,25.7,10,,2016-03-12T06:28:50,2016-03-12T18:29:55,0.11,Partially cloudy,Partly cloudy throughout the day.,partly-cloudy-day,"43296099999,VOBG,42705699999,VOBL,43302599999,43295099999"
bangalore,13/03/2016,33.2,23.2,28.6,34,23.2,29.7,19,58.2,0.4,100,4.17,rain,0,0,35.3,15,243.8,1016.1,39.6,6.7,276.9,23.9,9,,2016-03-13T06:28:12,2016-03-13T18:30:01,0.15,"Rain, Partially cloudy",Partly cloudy throughout the day with late afternoon rain.,rain,"43296099999,VOBG,42705699999,VOBL,43302599999,43295099999"
bangalore,14/03/2016,33.3,25,29.1,35.3,25,30.7,19.8,58.5,0,0,0,,0,0,29.5,14.6,153.3,1015.9,52.7,6.9,256.5,22.1,9,,2016-03-14T06:27:33,2016-03-14T18:30:06,0.18,Partially cloudy,Partly cloudy throughout the day.,partly-cloudy-day,"43296099999,VOBG,42705699999,VOBL,43302599999,43295099999"
bangalore,15/03/2016,33.1,22.5,27.5,34.2,22.5,28.8,20.1,65.7,13,100,4.17,rain,0,0,44.6,24.1,189.6,1015.6,53.1,6.9,234,20.3,7,,2016-03-15T06:26:55,2016-03-15T18:30:11,0.25,"Rain, Partially cloudy",Partly cloudy throughout the day with late afternoon rain.,rain,"43296099999,VOBG,42705699999,VOBL,43302599999,43295099999"
bangalore,16/03/2016,33.2,23.1,28,33.2,23.1,28.3,18,58.6,12.463,100,8.33,rain,0,0,21.6,16.2,188.9,1015.4,46.3,7.2,265.5,22.8,10,,2016-03-16T06:26:16,2016-03-16T18:30:16,0.25,"Rain, Partially cloudy",Clearing in the afternoon with rain.,rain,"43296099999,43272099999,VOBG,42705699999,VOBL,43302599999,43295099999"
bangalore,17/03/2016,34.1,23.4,28.3,35.6,23.4,29.8,20,64.3,0,0,0,,0,0,25.6,17.9,142.1,1016,47.4,7.3,248.9,21.7,9,,2016-03-17T06:25:37,2016-03-17T18:30:20,0.28,Partially cloudy,Partly cloudy throughout the day.,partly-cloudy-day,"43296099999,43272099999,VOBG,42705699999,VOBL,43302599999,43295099999"
bangalore,18/03/2016,34.2,24.1,29,34.5,24.1,29.8,18.2,54.8,0,0,0,,0,0,26.3,17.8,109,1015.4,35.2,7.2,264.3,22.8,9,,2016-03-18T06:24:57,2016-03-18T18:30:25,0.32,Partially cloudy,Partly cloudy throughout the day.,partly-cloudy-day,"43296099999,VOBG,42705699999,VOBL,43302599999,43295099999"
bangalore,19/03/2016,37.5,22.2,29.8,37.5,22.2,30,17.4,51.3,0,0,0,,0,0,24.1,14.7,172.5,1016,26.9,7,269.7,23.4,9,,2016-03-19T06:24:18,2016-03-19T18:30:29,0.35,Partially cloudy,Partly cloudy throughout the day.,partly-cloudy-day,"43296099999,VOBG,42705699999,VOBL,43302599999,43295099999"
bangalore,20/03/2016,39,24,30.8,38.4,24,30.8,15.5,42.1,0,0,0,,0,0,23.4,13,118,1016.4,27.3,7.1,288.4,25.1,10,,2016-03-20T06:23:38,2016-03-20T18:30:33,0.39,Partially cloudy,Partly cloudy throughout the day.,partly-cloudy-day,"43296099999,42705699999,VOBL,43295099999"
bangalore,21/03/2016,35.2,25,30.1,34.4,25,30,16.2,45.6,0,0,0,,0,0,22,13.8,123.9,1015.2,32.6,7.9,277,24.1,9,,2016-03-21T06:22:58,2016-03-21T18:30:37,0.42,Partially cloudy,Partly cloudy throughout the day.,partly-cloudy-day,"43296099999,VOBG,42705699999,VOBL,43302599999,43295099999"
bangalore,22/03/2016,34.8,25,29.8,34.1,25,30.1,17.5,50.7,0,0,0,,0,0,24.8,17.7,204,1013.7,40.1,7.6,263.1,22.7,9,,2016-03-22T06:22:19,2016-03-22T18:30:41,0.46,Partially cloudy,Partly cloudy throughout the day.,partly-cloudy-day,"43296099999,VOBG,42705699999,VOBL,43302599999,43295099999"
bangalore,23/03/2016,36,24.1,30,38,24.1,30.9,18.7,53.8,0,0,0,,0,0,23.8,18.3,180.2,1013.1,41,7.7,252.8,22,8,,2016-03-23T06:21:39,2016-03-23T18:30:45,0.5,Partially cloudy,Partly cloudy throughout the day.,partly-cloudy-day,"43296099999,VOBG,42705699999,VOBL,43302599999,43295099999"
bangalore,24/03/2016,34.5,24.1,29.6,33.6,24.1,29.7,15.7,46.3,0,0,0,,0,0,31.7,14.9,118.4,1016.3,30.2,7.7,289,24.9,10,,2016-03-24T06:20:59,2016-03-24T18:30:49,0.53,Partially cloudy,Partly cloudy throughout the day.,partly-cloudy-day,"43296099999,VOBG,42705699999,VOBL,43302599999,43295099999"
bangalore,25/03/2016,34.2,22.1,28.1,32.6,22.1,27.8,15,48.6,0,0,0,,0,0,31.3,14.4,122.3,1017.7,22.3,7.7,312,27,10,,2016-03-25T06:20:19,2016-03-25T18:30:52,0.56,Partially cloudy,Partly cloudy throughout the day.,partly-cloudy-day,"43296099999,VOBG,42705699999,VOBL,43302599999,43295099999"
bangalore,26/03/2016,34.2,21,27.8,32,21,27.1,11.9,42.2,0,0,0,,0,0,28.1,15,109.5,1017.4,10.8,8.1,316.5,27.2,10,,2016-03-26T06:19:39,2016-03-26T18:30:56,0.59,Clear,Clear conditions throughout the day.,clear-day,"43296099999,VOBG,42705699999,VOBL,43302599999,43295099999"
bangalore,27/03/2016,34.1,20,27.4,31.8,20,26.7,11.1,39.1,0,0,0,,0,0,25.9,11.4,115.5,1016.5,9.2,7.9,321.3,27.8,10,,2016-03-27T06:18:59,2016-03-27T18:31:00,0.63,Clear,Clear conditions throughout the day.,clear-day,"43296099999,VOBG,42705699999,VOBL,43302599999,43295099999"
bangalore,28/03/2016,34.2,20,27.3,32.6,20,26.8,14.2,49.1,0,0,0,,0,0,28.4,14.5,123.8,1016.7,11.6,8,314.8,27.2,10,,2016-03-28T06:18:19,2016-03-28T18:31:03,0.66,Clear,Clear conditions throughout the day.,clear-day,"43296099999,VOBG,42705699999,VOBL,43302599999,43295099999"
bangalore,29/03/2016,33.3,21.2,27.7,32.2,21.2,27.5,17,57.1,0,0,0,,0,0,28.1,15.7,123.5,1017.1,29.4,7.3,304.5,26.3,10,,2016-03-29T06:17:40,2016-03-29T18:31:07,0.69,Partially cloudy,Partly cloudy throughout the day.,partly-cloudy-day,"43296099999,VOBG,42705699999,VOBL,43302599999,43295099999"
bangalore,30/03/2016,33.9,22,27.8,32.9,22,27.6,16.5,53.4,0,0,0,,0,0,28.1,18,124,1017.3,23.6,8.1,285.5,24.6,10,,2016-03-30T06:17:00,2016-03-30T18:31:11,0.73,Partially cloudy,Partly cloudy throughout the day.,partly-cloudy-day,"43296099999,VOBG,42705699999,VOBL,43302599999,43295099999"
bangalore,31/03/2016,33.2,22.3,28.1,32.1,22.3,27.8,15.9,51,0,0,0,,0,0,24.1,14.4,140.1,1016.2,23.7,7.8,296.4,25.5,10,,2016-03-31T06:16:20,2016-03-31T18:31:14,0.75,Partially cloudy,Partly cloudy throughout the day.,partly-cloudy-day,"43296099999,VOBG,42705699999,VOBL,43302599999,43295099999"
bangalore,01/04/2016,34.3,23.1,28.5,33,23.1,28.3,15.5,48.1,0,0,0,,0,0,24.5,18.1,112.7,1014.2,22.8,7.7,281.3,24.2,9,,2016-04-01T06:15:41,2016-04-01T18:31:18,0.79,Partially cloudy,Partly cloudy throughout the day.,partly-cloudy-day,"43296099999,VOBG,42705699999,VOBL,43302599999,43295099999"
bangalore,02/04/2016,35.1,23,28.7,34.1,23,28.6,15.8,48.4,0,0,0,,0,0,28.4,21.8,112.8,1015,21.9,7.6,285.7,24.6,10,,2016-04-02T06:15:02,2016-04-02T18:31:22,0.83,Partially cloudy,Partly cloudy throughout the day.,partly-cloudy-day,"43296099999,VOBG,42705699999,VOBL,43302599999,43295099999"
bangalore,03/04/2016,34.8,23.1,28.8,33.7,23.1,28.6,16,49.3,0,0,0,,0,0,53.6,14.8,135.9,1016.2,21.9,7.9,271.3,23.5,9,,2016-04-03T06:14:23,2016-04-03T18:31:26,0.86,Partially cloudy,Partly cloudy throughout the day.,partly-cloudy-day,"43296099999,VOBG,42705699999,VOBL,43302599999,43295099999"
bangalore,04/04/2016,35.1,23,29,33.7,23,28.5,13.5,42.1,0,0,0,,0,0,25.6,14.9,117.3,1015.2,15,8.2,306.9,26.6,10,,2016-04-04T06:13:44,2016-04-04T18:31:30,0.89,Clear,Clear conditions throughout the day.,clear-day,"43296099999,VOBG,42705699999,VOBL,43302599999,43295099999"
bangalore,05/04/2016,35.2,23.1,28.8,33.4,23.1,28.3,13.3,42.6,0,0,0,,0,0,20.9,18.1,105.7,1014.2,19.2,7.8,315,27.1,10,,2016-04-05T06:13:05,2016-04-05T18:31:34,0.93,Clear,Clear conditions throughout the day.,clear-day,"43296099999,VOBG,42705699999,VOBL,43302599999,43295099999"
bangalore,06/04/2016,35.1,23.2,29,33.9,23.2,28.9,16.2,48.9,0,0,0,,0,0,22.3,11.3,208.2,1014.7,22.2,7.8,272.7,23.4,9,,2016-04-06T06:12:27,2016-04-06T18:31:39,0.96,Partially cloudy,Partly cloudy throughout the day.,partly-cloudy-day,"43296099999,VOBG,42705699999,VOBL,43302599999,43295099999"
bangalore,07/04/2016,35.1,24.1,29.7,34.5,24.1,30.5,18.7,55.3,0,0,0,,0,0,22.7,18.1,151.7,1014.2,36.7,7.7,284.2,24.4,9,,2016-04-07T06:11:49,2016-04-07T18:31:43,0,Partially cloudy,Partly cloudy throughout the day.,partly-cloudy-day,"43296099999,VOBG,42705699999,VOBL,43302599999,43295099999"
bangalore,08/04/2016,34.2,23.9,29.5,36.2,23.9,31.3,20.3,60.6,4.623,100,8.33,rain,0,0,28.4,15,141.3,1014.1,52.4,7.9,263.5,22.8,9,,2016-04-08T06:11:11,2016-04-08T18:31:48,0.03,"Rain, Partially cloudy",Partly cloudy throughout the day with rain clearing later.,rain,"43296099999,VOBG,42705699999,VOBL,43302599999,43295099999"
bangalore,09/04/2016,32.8,24.2,28.8,38.3,24.2,30.7,20.2,61.7,0.4,100,16.67,rain,0,0,23.8,15.7,163.9,1015,48.8,7.8,235.5,20.4,8,,2016-04-09T06:10:34,2016-04-09T18:31:53,0.06,"Rain, Partially cloudy",Partly cloudy throughout the day with rain.,rain,"43296099999,VOBG,42705699999,VOBL,43302599999,43295099999"
bangalore,10/04/2016,36,24.2,29.6,36.4,24.2,31,19.4,57.4,0.2,100,8.33,rain,0,0,17.6,26.7,193.2,1015.9,47.9,7.8,244.1,21.1,8,,2016-04-10T06:09:57,2016-04-10T18:31:58,0.09,"Rain, Partially cloudy",Partly cloudy throughout the day with rain.,rain,"43296099999,VOBG,42705699999,VOBL,43302599999,43295099999"
bangalore,11/04/2016,35.5,24,29.6,35.6,24,30.1,18.4,53.9,0,0,0,,0,0,27,11.3,154.7,1014.9,39.5,8.3,284.8,24.6,9,,2016-04-11T06:09:20,2016-04-11T18:32:03,0.13,Partially cloudy,Partly cloudy throughout the day.,partly-cloudy-day,"43296099999,VOBG,42705699999,VOBL,43302599999,43295099999"
bangalore,12/04/2016,40.5,24.1,32,40,24.1,33.3,18.8,50.6,0,0,0,,0,0,26.6,14.8,161.2,1013.8,39.1,7.8,303.6,26.3,10,,2016-04-12T06:08:43,2016-04-12T18:32:08,0.16,Partially cloudy,Partly cloudy throughout the day.,partly-cloudy-day,"43296099999,43272099999,VOBG,42705699999,VOBL,43302599999,43295099999"
bangalore,13/04/2016,40,25.4,32.6,40.4,25.4,35,19.7,51.3,0,0,0,,0,0,29.5,21.4,264,1012.5,44.1,7.8,275,23.8,9,,2016-04-13T06:08:07,2016-04-13T18:32:14,0.2,Partially cloudy,Partly cloudy throughout the day.,partly-cloudy-day,"43296099999,43272099999,VOBG,42705699999,VOBL,43302599999,43295099999"
bangalore,14/04/2016,36.2,26,31.8,37.9,26,33.8,19.5,51,0.1,100,4.17,rain,0,0,19.8,14.6,181.8,1012.1,41.6,7.8,268.4,23.2,9,,2016-04-14T06:07:32,2016-04-14T18:32:20,0.25,"Rain, Partially cloudy",Partly cloudy throughout the day with late afternoon rain.,rain,"43296099999,VOBG,42705699999,VOBL,43302599999,43295099999"
bangalore,15/04/2016,36.2,27,31.5,37.6,29.4,33.1,19,49.9,0,0,0,,0,0,33.5,18.3,140.3,1013.7,42,8.6,276.6,23.8,9,,2016-04-15T06:06:57,2016-04-15T18:32:26,0.26,Partially cloudy,Partly cloudy throughout the day.,partly-cloudy-day,"43296099999,VOBG,42705699999,VOBL,43302599999,43295099999"
bangalore,16/04/2016,35.6,25.1,30.6,35.7,25.1,31.7,18.7,51.6,0,0,0,,0,0,25.2,14.9,170.5,1013.7,42.1,8.4,290.4,25,9,,2016-04-16T06:06:22,2016-04-16T18:32:32,0.3,Partially cloudy,Partly cloudy throughout the day.,partly-cloudy-day,"43296099999,VOBG,42705699999,VOBL,43302599999,43295099999"
bangalore,17/04/2016,37.1,24.2,30.8,38.6,24.2,31.6,17.6,49.1,0,0,0,,0,0,25.2,18.3,128.7,1012.9,37,8.4,273.4,23.6,9,,2016-04-17T06:05:48,2016-04-17T18:32:39,0.33,Partially cloudy,Partly cloudy throughout the day.,partly-cloudy-day,"43296099999,VOBG,42705699999,VOBL,43302599999,43295099999"
bangalore,18/04/2016,35.3,24.1,29.7,34.5,24.1,29.8,16.8,49.1,0,0,0,,0,0,24.8,11.1,146.2,1013.1,30.5,8,316.4,27.4,10,,2016-04-18T06:05:14,2016-04-18T18:32:46,0.37,Partially cloudy,Partly cloudy throughout the day.,partly-cloudy-day,"43296099999,VOBG,42705699999,VOBL,43302599999,43295099999"
bangalore,19/04/2016,35.2,24.1,29.8,35.9,24.1,30.6,18.9,55.9,0,0,0,,0,0,24.1,14.6,133.7,1014,34.8,8,300.4,26.1,10,,2016-04-19T06:04:41,2016-04-19T18:32:53,0.4,Partially cloudy,Partly cloudy throughout the day.,partly-cloudy-day,"43296099999,VOBG,42705699999,VOBL,43302599999,43295099999"
bangalore,20/04/2016,35.6,25.1,30.5,35.9,25.1,31.7,19.2,53.8,0,0,0,,0,0,25.9,11.3,180.8,1015.3,34.2,8.3,295.7,25.6,10,,2016-04-20T06:04:09,2016-04-20T18:33:00,0.43,Partially cloudy,Partly cloudy throughout the day.,partly-cloudy-day,"43296099999,VOBG,42705699999,VOBL,43302599999,43295099999"
bangalore,21/04/2016,40,24.2,31.8,39.3,24.2,33.1,18.6,50.1,0,0,0,,0,0,24.8,16.6,213,1014.5,38.9,8,285.8,24.9,10,,2016-04-21T06:03:37,2016-04-21T18:33:08,0.47,Partially cloudy,Partly cloudy throughout the day.,partly-cloudy-day,"43296099999,VOBG,42705699999,VOBL,43302599999,43295099999"
bangalore,22/04/2016,35.2,25,30.4,38.5,25,32.1,19.7,55.3,0.4,100,4.17,rain,0,0,32,22.4,259.2,1013.9,46.1,7.5,270.3,23.4,9,,2016-04-22T06:03:05,2016-04-22T18:33:16,0.5,"Rain, Partially cloudy",Partly cloudy throughout the day with late afternoon rain.,rain,"43296099999,VOBG,42705699999,VOBL,43302599999,43295099999"
bangalore,23/04/2016,40,26.2,31.4,38.7,26.2,32.1,16.2,44.4,0,0,0,,0,0,31.3,14.9,274.7,1012,33.4,8.4,292.5,25.2,9,,2016-04-23T06:02:34,2016-04-23T18:33:24,0.54,Partially cloudy,Partly cloudy throughout the day.,partly-cloudy-day,"43296099999,VOBG,42705699999,VOBL,43302599999,43295099999"
bangalore,24/04/2016,37.8,24.1,31.4,36.8,24.1,31.5,16.5,44.5,0,0,0,,0,0,30.6,10.9,279.5,1010.8,30.8,8.1,315,27.3,10,,2016-04-24T06:02:04,2016-04-24T18:33:33,0.57,Partially cloudy,Partly cloudy throughout the day.,partly-cloudy-day,"43296099999,VOBG,42705699999,VOBL,43302599999,43295099999"
bangalore,25/04/2016,36.1,23.5,30,38.2,23.5,31.8,20.1,57.6,20.024,100,8.33,rain,0,0,28.4,25.4,164.7,1011.8,44.9,8,260.4,22.3,8,,2016-04-25T06:01:34,2016-04-25T18:33:42,0.6,"Rain, Partially cloudy",Becoming cloudy in the afternoon with late afternoon rain.,rain,"43296099999,VOBG,42705699999,VOBL,43302599999,43295099999"
bangalore,26/04/2016,36.1,23.9,30.4,35.7,23.9,31.2,17.8,49.6,0,0,0,,0,0,28.8,15.3,135.8,1013.9,42.3,8.1,268.2,23,9,,2016-04-26T06:01:05,2016-04-26T18:33:51,0.64,Partially cloudy,Partly cloudy throughout the day.,partly-cloudy-day,"43296099999,VOBG,42705699999,VOBL,43302599999,43295099999"
bangalore,27/04/2016,36.2,23.1,30,34.4,23.1,29.7,15.4,46.9,0,0,0,,0,0,31.7,21.9,126.1,1013.6,29,8.2,313.3,27.2,10,,2016-04-27T06:00:37,2016-04-27T18:34:01,0.67,Partially cloudy,Becoming cloudy in the afternoon.,partly-cloudy-day,"43296099999,VOBG,42705699999,VOBL,43302599999,43295099999"
bangalore,28/04/2016,36.2,25.1,30,34.6,25.1,29.9,15.6,45.7,0,0,0,,0,0,25.6,14.7,148.9,1012.9,29.2,8.4,308,26.8,10,,2016-04-28T06:00:09,2016-04-28T18:34:11,0.71,Partially cloudy,Partly cloudy throughout the day.,partly-cloudy-day,"43296099999,VOBG,42705699999,VOBL,43302599999,43295099999"
bangalore,29/04/2016,36.2,24.1,30.4,34.4,24.1,30,14.3,41.7,0,0,0,,0,0,25.6,14.6,161.8,1013.9,26.4,8.2,311.6,26.9,10,,2016-04-29T05:59:42,2016-04-29T18:34:22,0.74,Partially cloudy,Partly cloudy throughout the day.,partly-cloudy-day,"43296099999,VOBG,42705699999,VOBL,43302599999,43295099999"
bangalore,30/04/2016,36.2,24.2,30.7,35.7,24.2,30.5,15.8,45.2,0,0,0,,0,0,25.6,14.8,168.3,1014.1,24.4,8.1,314.2,27.2,10,,2016-04-30T05:59:16,2016-04-30T18:34:32,0.75,Partially cloudy,Partly cloudy throughout the day.,partly-cloudy-day,"43296099999,VOBG,42705699999,VOBL,43302599999,43295099999"
bangalore,01/05/2016,39.5,24.9,31,38.5,24.9,30.9,15.6,42.9,0,0,0,,0,0,29.5,15,182.6,1013.6,27.7,8.3,293.9,25.4,10,,2016-05-01T05:58:50,2016-05-01T18:34:43,0.81,Partially cloudy,Partly cloudy throughout the day.,partly-cloudy-day,"43296099999,VOBG,42705699999,VOBL,43302599999,43295099999"
bangalore,02/05/2016,36.1,25.1,29.9,37.2,25.1,31,18.6,53.1,0.2,100,8.33,rain,0,0,29.5,14.8,222.5,1013.7,47.2,7.8,279.8,24.1,10,,2016-05-02T05:58:25,2016-05-02T18:34:55,0.84,"Rain, Partially cloudy",Partly cloudy throughout the day with late afternoon rain.,rain,"43296099999,VOBG,42705699999,VOBL,43302599999,43295099999"
bangalore,03/05/2016,36.1,24.1,30.1,35.9,24.1,30.9,17.8,50,0,0,0,,0,0,30.2,11.4,210.7,1013,45.8,8.1,265.5,22.9,9,,2016-05-03T05:58:01,2016-05-03T18:35:06,0.88,Partially cloudy,Becoming cloudy in the afternoon.,partly-cloudy-day,"43296099999,VOBG,42705699999,VOBL,43302599999,43295099999"
bangalore,04/05/2016,35.1,25.7,30.5,36,25.7,31.3,17.8,48.4,0.8,100,4.17,rain,0,0,26.6,12,207.4,1013.3,51.2,8.7,285,24.7,10,,2016-05-04T05:57:38,2016-05-04T18:35:18,0.91,"Rain, Partially cloudy",Partly cloudy throughout the day with late afternoon rain.,rain,"43296099999,VOBG,42705699999,VOBL,43302599999,43295099999"
bangalore,05/05/2016,34.3,22.9,28.1,35.8,22.9,29.3,19.3,60.1,2.08,100,8.33,rain,0,0,28.1,24,194.3,1013.7,51.6,7.9,271.7,23.6,9,,2016-05-05T05:57:15,2016-05-05T18:35:31,0.95,"Rain, Partially cloudy",Becoming cloudy in the afternoon with late afternoon rain.,rain,"43296099999,VOBG,42705699999,VOBL,43302599999,43295099999"
bangalore,06/05/2016,33.9,21.7,25.6,34.5,21.7,26,19.3,71.6,45.718,100,12.5,rain,0,0,23.8,11.8,167.5,1013.8,53.2,7.5,264.9,23,9,,2016-05-06T05:56:54,2016-05-06T18:35:43,0.98,"Rain, Partially cloudy",Becoming cloudy in the afternoon with rain.,rain,"43296099999,VOBG,42705699999,VOBL,43302599999,43295099999"
bangalore,07/05/2016,33.2,21.7,27.1,34.2,21.7,27.5,19.1,64.3,4.5,100,16.67,rain,0,0,31,11.4,111,1013.3,51.4,7.9,281.7,24.2,10,,2016-05-07T05:56:33,2016-05-07T18:35:57,0,"Rain, Partially cloudy",Partly cloudy throughout the day with late afternoon rain.,rain,"43296099999,VOBG,42705699999,VOBL,43302599999,43295099999"
bangalore,08/05/2016,33.1,21.2,26.2,35.3,21.2,26.9,20.4,73.1,6.201,100,12.5,rain,0,0,40.7,25.7,152.9,1014.8,62.7,7.8,266,23.1,9,,2016-05-08T05:56:12,2016-05-08T18:36:10,0.05,"Rain, Partially cloudy",Partly cloudy throughout the day with rain.,rain,"43296099999,VOBG,42705699999,VOBL,43302599999,43295099999"
bangalore,09/05/2016,33.1,21,27,33.7,21,27.4,18.6,63.2,0,0,0,,0,0,26.3,21.9,115.8,1014.1,33.3,8,271.3,23.4,9,,2016-05-09T05:55:53,2016-05-09T18:36:24,0.08,Partially cloudy,Partly cloudy throughout the day.,partly-cloudy-day,"43296099999,VOBG,42705699999,VOBL,43302599999,43295099999"
bangalore,10/05/2016,33,23,27.6,34.7,23,28.4,19.5,63.2,3.9,100,16.67,rain,0,0,44.6,15,160.2,1014,45,8,276.3,24,9,,2016-05-10T05:55:34,2016-05-10T18:36:38,0.11,"Rain, Partially cloudy",Partly cloudy throughout the day with late afternoon rain.,rain,"43296099999,VOBG,42705699999,VOBL,43302599999,43295099999"
bangalore,11/05/2016,33,23.1,28.2,33.5,23.1,28.9,18.4,56.6,0,0,0,,0,0,21.6,14.6,138.7,1013.5,55.4,7.9,267.4,23.2,9,,2016-05-11T05:55:17,2016-05-11T18:36:52,0.15,Partially cloudy,Partly cloudy throughout the day.,partly-cloudy-day,"43296099999,VOBG,42705699999,VOBL,43302599999,43295099999"
bangalore,12/05/2016,33.1,24,27.9,33.5,24,28.2,18.7,59.4,1.84,100,4.17,rain,0,0,24.1,14.5,245.4,1012,51.9,7.9,246.2,21.4,9,,2016-05-12T05:55:00,2016-05-12T18:37:07,0.18,"Rain, Partially cloudy",Partly cloudy throughout the day with afternoon rain.,rain,"43296099999,VOBG,42705699999,VOBL,43302599999,43295099999"
bangalore,13/05/2016,34,22.7,28.6,35,22.7,29,18.5,57.1,0.1,100,4.17,rain,0,0,26.6,9.8,170.1,1012,52.8,8.2,279.1,24.1,9,,2016-05-13T05:54:44,2016-05-13T18:37:22,0.25,"Rain, Partially cloudy",Partly cloudy throughout the day with late afternoon rain.,rain,"43296099999,VOBG,42705699999,VOBL,43302599999,43295099999"
bangalore,14/05/2016,34.1,23,28.7,36.3,23,29.9,19.6,59,0.024,100,4.17,rain,0,0,37.1,14.8,163.2,1012.7,44.1,8,244.7,21.1,10,,2016-05-14T05:54:28,2016-05-14T18:37:37,0.25,"Rain, Partially cloudy",Becoming cloudy in the afternoon with afternoon rain.,rain,"43296099999,VOBG,42705699999,VOBL,43302599999,43295099999"
bangalore,15/05/2016,34,23,28.7,34,23,29.3,18.2,55.1,0,0,0,,0,0,28.8,16.6,127.5,1012.8,41.3,7.9,287.2,24.9,9,,2016-05-15T05:54:14,2016-05-15T18:37:52,0.28,Partially cloudy,Partly cloudy throughout the day.,partly-cloudy-day,"43296099999,VOBG,42705699999,VOBL,43302599999,43295099999"
bangalore,16/05/2016,30,24,27,31.1,24,27.6,19.9,66.2,0.6,100,12.5,rain,0,0,22.3,20.3,118.7,1010.8,60,8.4,205.3,17.7,8,,2016-05-16T05:54:00,2016-05-16T18:38:08,0.31,"Rain, Partially cloudy",Partly cloudy throughout the day with late afternoon rain.,rain,"43296099999,VOBG,42705699999,VOBL,43302599999,43295099999"
bangalore,17/05/2016,29,24,26.5,29.8,24,27,20,68.6,0.7,100,25,rain,0,0,33.1,11.2,11.4,1008.5,85.9,8.4,117.1,10.2,6,,2016-05-17T05:53:48,2016-05-17T18:38:24,0.35,"Rain, Partially cloudy",Partly cloudy throughout the day with a chance of rain throughout the day.,rain,"43296099999,VOBG,42705699999,VOBL,43302599999,43295099999"
bangalore,18/05/2016,27,21,24.1,28.6,21,24.5,19.9,78.1,28.784,100,8.33,rain,0,0,45.4,18.6,262.5,1007.2,91.4,6.2,79,6.9,3,,2016-05-18T05:53:36,2016-05-18T18:38:40,0.38,"Rain, Overcast",Cloudy skies throughout the day with rain.,rain,"43296099999,VOBG,42705699999,VOBL,43302599999,43295099999"
bangalore,19/05/2016,29,20.5,24.7,31.8,20.5,25.5,20.4,77.6,0.801,100,8.33,rain,0,0,51.1,21.9,246.4,1008.5,73.8,7.8,195.1,16.7,6,,2016-05-19T05:53:25,2016-05-19T18:38:57,0.41,"Rain, Partially cloudy",Partly cloudy throughout the day with rain.,rain,"43296099999,VOBG,42705699999,VOBL,43302599999,43295099999"
bangalore,20/05/2016,30,20.3,25.5,33.1,20.3,26.4,21.1,78.3,33.759,100,8.33,rain,0,0,46.4,27.6,250.1,1010.1,70.1,7.9,160.6,13.9,5,,2016-05-20T05:53:15,2016-05-20T18:39:14,0.45,"Rain, Partially cloudy",Partly cloudy throughout the day with early morning rain.,rain,"43296099999,VOBG,42705699999,VOBL,43302599999,43295099999"
bangalore,21/05/2016,33,21.3,26.9,34.5,21.3,27.6,19.5,66.2,0,0,0,,0,0,42.8,22.3,260.1,1011.8,43.2,8.4,295.7,25.5,10,,2016-05-21T05:53:06,2016-05-21T18:39:31,0.48,Partially cloudy,Partly cloudy throughout the day.,partly-cloudy-day,"43296099999,VOBG,42705699999,VOBL,43302599999,43295099999"
bangalore,22/05/2016,33,22.2,27.7,34.8,22.2,28.7,19.5,62.7,0,0,0,,0,0,36,22.3,263.7,1013,21.3,8.6,309,26.7,10,,2016-05-22T05:52:57,2016-05-22T18:39:48,0.5,Partially cloudy,Partly cloudy throughout the day.,partly-cloudy-day,"43296099999,43272099999,VOBG,42705699999,VOBL,43302599999,43295099999"
bangalore,23/05/2016,33.9,22.5,28.2,35.7,22.5,29.1,19.4,60.8,0,0,0,,0,0,38.5,18.6,265.4,1013.5,28.8,8.4,311.6,26.9,10,,2016-05-23T05:52:50,2016-05-23T18:40:05,0.55,Partially cloudy,Partly cloudy throughout the day.,partly-cloudy-day,"43296099999,VOBG,42705699999,VOBL,43302599999,43295099999"
bangalore,24/05/2016,33.2,23.5,28.6,34.6,23.5,29.5,19.5,59.9,0,0,0,,0,0,37.4,150,256.7,1013,29.1,8.5,293.1,25.4,10,,2016-05-24T05:52:43,2016-05-24T18:40:23,0.58,Partially cloudy,Partly cloudy throughout the day.,wind,"43296099999,VOBG,42705699999,VOBL,43302599999,43295099999"
bangalore,25/05/2016,33,23,27.7,34.6,23,28.4,19.5,63,0,0,0,,0,0,40.7,22.3,267.8,1012.7,46.7,8.4,277.3,24,10,,2016-05-25T05:52:37,2016-05-25T18:40:40,0.62,Partially cloudy,Partly cloudy throughout the day.,partly-cloudy-day,"43296099999,VOBG,42705699999,VOBL,43302599999,43295099999"
bangalore,26/05/2016,33,22.9,28,34.4,22.9,28.8,19.3,61.3,0.1,100,4.17,rain,0,0,33.1,21.9,267.8,1012.7,44.1,8.6,290,25.1,9,,2016-05-26T05:52:32,2016-05-26T18:40:58,0.65,"Rain, Partially cloudy",Partly cloudy throughout the day with late afternoon rain.,rain,"43296099999,43272099999,VOBG,42705699999,VOBL,43302599999,43295099999"
bangalore,27/05/2016,31.3,23.6,27.4,33.7,23.6,28.3,19.8,64.1,6.08,100,8.33,rain,0,0,32,15.1,270.5,1013.6,48.6,8.4,272,23.5,9,,2016-05-27T05:52:28,2016-05-27T18:41:16,0.69,"Rain, Partially cloudy",Partly cloudy throughout the day with late afternoon rain.,rain,"43296099999,VOBG,42705699999,VOBL,43302599999,43295099999"
bangalore,28/05/2016,33,21.7,26.4,34.6,21.7,27.1,20.3,71.6,7.481,100,8.33,rain,0,0,35.6,28.7,244.1,1013.4,55.2,8.1,265.5,23,9,,2016-05-28T05:52:25,2016-05-28T18:41:34,0.72,"Rain, Partially cloudy",Partly cloudy throughout the day with late afternoon rain.,rain,"43296099999,VOBG,42705699999,VOBL,43302599999,43295099999"
bangalore,29/05/2016,28.1,20.1,24.7,29.4,20.1,25,19.1,72.2,7.32,100,8.33,rain,0,0,35.6,23.1,286.8,1013.1,79,8.3,165.9,14.4,6,,2016-05-29T05:52:23,2016-05-29T18:41:51,0.75,"Rain, Partially cloudy",Partly cloudy throughout the day with early morning rain.,rain,"43296099999,43272099999,VOBG,42705699999,VOBL,43302599999,43295099999"
bangalore,30/05/2016,31.1,22,26.3,33.1,22,27.1,20.2,71.2,0.064,100,4.17,rain,0,0,29.9,18.4,265.6,1012.2,52.4,8.5,231.3,20.2,7,,2016-05-30T05:52:21,2016-05-30T18:42:09,0.79,"Rain, Partially cloudy",Partly cloudy throughout the day with late afternoon rain.,rain,"43296099999,VOBG,42705699999,VOBL,43302599999,43295099999"
bangalore,31/05/2016,31,22.4,25.4,33,22.4,26,20.4,74.8,0.16,100,4.17,rain,0,0,30.2,18.4,254.6,1013.1,55.9,7.9,258.5,22.5,10,,2016-05-31T05:52:20,2016-05-31T18:42:28,0.83,"Rain, Partially cloudy",Partly cloudy throughout the day with afternoon rain.,rain,"43296099999,VOBG,42705699999,VOBL,43302599999,43295099999"
bangalore,01/06/2016,33,20.6,26,34.6,20.6,26.8,20.8,75.8,20,100,8.33,rain,0,0,46.4,27.2,255.5,1013.2,69.1,7.4,260.7,22.5,9,,2016-06-01T05:52:20,2016-06-01T18:42:46,0.86,"Rain, Partially cloudy",Partly cloudy throughout the day with late afternoon rain.,rain,"43296099999,VOBG,42705699999,VOBL,43302599999,43295099999"
bangalore,02/06/2016,28.1,21.6,24.8,29.8,21.6,25.1,21,80.1,7.29,100,4.17,rain,0,0,30.2,20.2,281.6,1012.8,69.4,8.1,193.8,16.6,6,,2016-06-02T05:52:21,2016-06-02T18:43:04,0.9,"Rain, Partially cloudy",Partly cloudy throughout the day with early morning rain.,rain,"43296099999,VOBG,42705699999,VOBL,43302599999,43295099999"
bangalore,03/06/2016,31,20.9,26.1,33.9,20.9,27.3,20.9,74.5,6.362,100,4.17,rain,0,0,28.4,17.9,248.6,1012,56.6,8.6,245.2,21.2,8,,2016-06-03T05:52:23,2016-06-03T18:43:21,0.93,"Rain, Partially cloudy",Partly cloudy throughout the day with late afternoon rain.,rain,"43296099999,VOBG,42705699999,VOBL,43302599999,43295099999"
bangalore,04/06/2016,29.9,21.9,25,32.4,21.9,25.5,21.1,79.8,11.4,100,33.33,rain,0,0,32.8,22,259.5,1011.5,63.8,7.9,202.8,17.6,7,,2016-06-04T05:52:25,2016-06-04T18:43:39,0.97,"Rain, Partially cloudy",Partly cloudy throughout the day with rain.,rain,"43296099999,VOBG,42705699999,VOBL,43302599999,43295099999"
bangalore,05/06/2016,30.1,21.9,24.7,32.6,21.9,25.1,20.7,79.6,5.519,100,4.17,rain,0,0,46.4,27,253.3,1012,58.8,8.4,209.4,18.2,8,,2016-06-05T05:52:28,2016-06-05T18:43:57,0,"Rain, Partially cloudy",Partly cloudy throughout the day with afternoon rain.,rain,"43296099999,VOBG,42705699999,VOBL,43302599999,43295099999"
bangalore,06/06/2016,30,21.2,25.6,32,21.2,26.4,20.4,74.6,48.561,100,4.17,rain,0,0,36.4,22,244.3,1011.9,61.1,7.4,228,19.8,9,,2016-06-06T05:52:32,2016-06-06T18:44:15,0.04,"Rain, Partially cloudy",Partly cloudy throughout the day with late afternoon rain.,rain,"43296099999,VOBG,42705699999,VOBL,43302599999,43295099999"
bangalore,07/06/2016,29.7,21.7,25.6,33.1,21.7,26.5,20.9,76.3,4,100,37.5,rain,0,0,33.1,18.4,245.7,1011.6,55,8.3,173.8,14.9,7,,2016-06-07T05:52:37,2016-06-07T18:44:32,0.07,"Rain, Partially cloudy",Partly cloudy throughout the day with rain.,rain,"43296099999,VOBG,42705699999,VOBL,43302599999,43295099999"
bangalore,08/06/2016,30,22.1,25.1,33.3,22.1,25.8,21.1,79.5,1.441,100,8.33,rain,0,0,32.4,25.7,245.5,1011.4,70.4,7.8,224.5,19.2,8,,2016-06-08T05:52:42,2016-06-08T18:44:50,0.1,"Rain, Partially cloudy",Partly cloudy throughout the day with rain.,rain,"43296099999,VOBG,42705699999,VOBL,43302599999,43295099999"
bangalore,09/06/2016,30,21.7,25,31.9,21.7,25.5,20.4,76.5,3.864,100,4.17,rain,0,0,37.1,25.5,240.5,1011.5,73.5,8.9,163.8,14.1,6,,2016-06-09T05:52:48,2016-06-09T18:45:07,0.14,"Rain, Partially cloudy",Partly cloudy throughout the day with morning rain.,rain,"43296099999,VOBG,42705699999,VOBL,43302599999,43295099999"
bangalore,10/06/2016,26.6,21.9,23.6,26.6,21.9,23.6,20.9,85.2,0.108,100,4.17,rain,0,0,51.5,22.1,237.7,1012.1,66.8,7.8,210.4,18.1,7,,2016-06-10T05:52:55,2016-06-10T18:45:24,0.17,"Rain, Partially cloudy",Partly cloudy throughout the day with morning rain.,rain,"43296099999,VOBG,42705699999,VOBL,43302599999,43295099999"
bangalore,11/06/2016,30,21.2,24.8,31.7,21.2,25.2,20.2,77.6,0.46,100,4.17,rain,0,0,44.3,27.4,258.4,1013.2,55.2,8.1,225.9,19.7,8,,2016-06-11T05:53:02,2016-06-11T18:45:41,0.2,"Rain, Partially cloudy",Partly cloudy throughout the day with late afternoon rain.,rain,"43296099999,VOBG,42705699999,VOBL,43302599999,43295099999"
bangalore,12/06/2016,29,21.1,24.7,30.8,21.1,25.2,20.3,77.4,1,100,8.33,rain,0,0,49.3,27.2,259.9,1013.3,51.2,8.1,198.8,17.2,8,,2016-06-12T05:53:10,2016-06-12T18:45:57,0.25,"Rain, Partially cloudy",Partly cloudy throughout the day with rain.,rain,"43296099999,VOBG,42705699999,VOBL,43302599999,43295099999"
bangalore,13/06/2016,27,21,23.2,29.2,21,23.3,20.6,85.8,17.282,100,20.83,rain,0,0,52.9,29.1,259.9,1013.9,53,7.9,195,16.8,7,,2016-06-13T05:53:18,2016-06-13T18:46:13,0.27,"Rain, Partially cloudy",Partly cloudy throughout the day with rain.,rain,"43296099999,VOBG,42705699999,VOBL,43302599999,43295099999"
bangalore,14/06/2016,29,20.4,23.9,30.3,20.4,24.1,19.2,76.2,0.552,100,4.17,rain,0,0,53.6,25.5,254.6,1013.1,51.8,8.2,214.1,18.3,8,,2016-06-14T05:53:28,2016-06-14T18:46:29,0.3,"Rain, Partially cloudy",Partly cloudy throughout the day with afternoon rain.,rain,"43296099999,VOBG,42705699999,VOBL,43302599999,43295099999"
bangalore,15/06/2016,30,20.9,24.4,30.9,20.9,24.7,19,73.8,14.401,100,8.33,rain,0,0,50.8,29.1,263.6,1011.7,58.7,8.5,214.6,18.3,7,,2016-06-15T05:53:37,2016-06-15T18:46:45,0.33,"Rain, Partially cloudy",Partly cloudy throughout the day with late afternoon rain.,rain,"43296099999,VOBG,42705699999,VOBL,43302599999,43295099999"
bangalore,16/06/2016,29,20.4,24.1,30.2,20.4,24.5,19.6,77.3,12.32,100,8.33,rain,0,0,46.4,29.5,254.2,1010.5,57.6,8.2,200.2,17.3,8,,2016-06-16T05:53:48,2016-06-16T18:47:00,0.36,"Rain, Partially cloudy",Partly cloudy throughout the day with late afternoon rain.,rain,"43296099999,VOBG,42705699999,VOBL,43302599999,43295099999"
bangalore,17/06/2016,28.5,21,24.4,29.8,21,24.8,19.8,76.7,4.8,100,20.83,rain,0,0,40,24.1,271.1,1010,64.6,8.4,197.9,17.1,8,,2016-06-17T05:53:59,2016-06-17T18:47:15,0.4,"Rain, Partially cloudy",Partly cloudy throughout the day with rain.,rain,"43296099999,VOBG,42705699999,VOBL,43302599999,43295099999"
bangalore,18/06/2016,28,21.1,24.6,29.2,21.1,24.9,19.7,75.6,1.8,100,25,rain,0,0,47.9,22.1,275.8,1010,65.7,8.6,207.1,17.9,9,,2016-06-18T05:54:10,2016-06-18T18:47:29,0.43,"Rain, Partially cloudy",Partly cloudy throughout the day with rain.,rain,"43296099999,VOBG,42705699999,VOBL,43302599999,43295099999"
bangalore,19/06/2016,28.9,21,24.1,30.2,21,24.4,20,79.4,1.776,100,12.5,rain,0,0,46.8,26.4,258.3,1009.6,70.2,7.9,187.6,16.1,7,,2016-06-19T05:54:22,2016-06-19T18:47:43,0.46,"Rain, Partially cloudy",Partly cloudy throughout the day with rain.,rain,"43296099999,VOBG,42705699999,VOBL,43302599999,43295099999"
bangalore,20/06/2016,27.9,20,23.5,29.1,20,23.7,19.9,81.5,0.3,100,12.5,rain,0,0,32.8,18.5,238.2,1009,66.6,8.1,155.3,13.5,6,,2016-06-20T05:54:34,2016-06-20T18:47:56,0.5,"Rain, Partially cloudy",Partly cloudy throughout the day with rain.,rain,"43296099999,VOBG,42705699999,VOBL,43302599999,43295099999"
bangalore,21/06/2016,26.8,21,23.4,28.3,21,23.5,20,81.8,0.108,100,8.33,rain,0,0,183.6,27.5,248.5,1010,78.1,8.1,120.6,10.5,6,,2016-06-21T05:54:47,2016-06-21T18:48:09,0.53,"Rain, Partially cloudy",Partly cloudy throughout the day with rain.,rain,"43296099999,43272099999,VOBG,42705699999,VOBL,43302599999,43295099999"
bangalore,22/06/2016,27,20,22.7,28.8,20,22.9,20.1,86.1,23.679,100,8.33,rain,0,0,41,22.3,269.8,1011.6,83.3,6.9,142.9,12.4,6,,2016-06-22T05:55:01,2016-06-22T18:48:22,0.56,"Rain, Partially cloudy",Partly cloudy throughout the day with late afternoon rain.,rain,"43296099999,VOBG,42705699999,VOBL,43302599999,43295099999"
bangalore,23/06/2016,25,20,21.9,25,20,21.9,19.7,88,0.264,100,8.33,rain,0,0,60.1,25.7,262.3,1011.8,80.9,7.2,130.1,11.2,5,,2016-06-23T05:55:14,2016-06-23T18:48:34,0.6,"Rain, Partially cloudy",Partly cloudy throughout the day with rain.,rain,"43296099999,VOBG,42705699999,VOBL,43302599999,43295099999"
bangalore,24/06/2016,27.9,19.5,22.4,28.8,19.5,22.5,19.2,83.8,9.401,100,12.5,rain,0,0,59.8,31.3,270.7,1011.3,74.6,8.2,122.5,10.5,5,,2016-06-24T05:55:28,2016-06-24T18:48:45,0.64,"Rain, Partially cloudy",Partly cloudy throughout the day with rain.,rain,"43296099999,43272099999,VOBG,42705699999,VOBL,43302599999,43295099999"
bangalore,25/06/2016,25,19.7,21.5,25,19.7,21.5,19.2,87.4,2,100,4.17,rain,0,0,63.4,29.3,261.4,1012,78.4,7.5,197.5,17.1,7,,2016-06-25T05:55:43,2016-06-25T18:48:56,0.67,"Rain, Partially cloudy",Partly cloudy throughout the day with afternoon rain.,rain,"43296099999,VOBG,42705699999,VOBL,43302599999,43295099999"
bangalore,26/06/2016,28,19.9,23.4,29.2,19.9,23.6,19.1,78.4,4.1,100,29.17,rain,0,0,56.2,26.1,261.1,1011.4,69.4,8.2,151.3,13,5,,2016-06-26T05:55:58,2016-06-26T18:49:06,0.71,"Rain, Partially cloudy",Partly cloudy throughout the day with rain.,rain,"43296099999,VOBG,42705699999,VOBL,43302599999,43295099999"
bangalore,27/06/2016,27.9,21,23,29.6,21,23.1,20,83.6,8.401,100,8.33,rain,0,0,179.6,36.5,261.3,1010.1,78.5,7.9,94.6,8,4,,2016-06-27T05:56:13,2016-06-27T18:49:16,0.75,"Rain, Partially cloudy",Partly cloudy throughout the day with afternoon rain.,rain,"43296099999,VOBG,42705699999,VOBL,43302599999,43295099999"
bangalore,28/06/2016,26,21,22.9,26,21,22.9,20.6,87.1,0.124,100,8.33,rain,0,0,56.9,26.1,247.2,1010.1,79.1,7.3,80.3,7,4,,2016-06-28T05:56:28,2016-06-28T18:49:25,0.78,"Rain, Partially cloudy",Partly cloudy throughout the day with rain.,rain,"43296099999,VOBG,42705699999,VOBL,43302599999,43295099999"
bangalore,29/06/2016,24.7,20.5,21.6,24.7,20.5,21.6,20.2,92.3,2,100,4.17,rain,0,0,44.6,27.9,257.2,1010.7,96.7,6.3,48,4.1,2,,2016-06-29T05:56:43,2016-06-29T18:49:33,0.81,"Rain, Overcast",Cloudy skies throughout the day with morning rain.,rain,"43296099999,VOBG,42705699999,VOBL,43302599999,43295099999"
bangalore,30/06/2016,26,20.4,22.8,26,20.4,22.8,20.1,85.7,2.1,100,50,rain,0,0,55.4,32.4,256.7,1010.5,85.9,7.5,150.9,12.9,8,,2016-06-30T05:56:59,2016-06-30T18:49:41,0.85,"Rain, Partially cloudy",Partly cloudy throughout the day with a chance of rain throughout the day.,rain,"43296099999,VOBG,42705699999,VOBL,43302599999,43295099999"
bangalore,01/07/2016,28,20.5,23.5,29.6,20.5,23.8,19.9,81.6,0.724,100,8.33,rain,0,0,56.9,32.8,256.7,1010.4,69.2,8.1,191.3,16.5,7,,2016-07-01T05:57:15,2016-07-01T18:49:48,0.89,"Rain, Partially cloudy",Partly cloudy throughout the day with late afternoon rain.,rain,"43296099999,VOBG,42705699999,VOBL,43302599999,43295099999"
bangalore,02/07/2016,29,20,24.2,30.7,20,24.6,19.4,76.1,0.3,100,12.5,rain,0,0,61.9,33.6,257.8,1010.6,59.8,8.2,181.5,15.6,6,,2016-07-02T05:57:32,2016-07-02T18:49:54,0.92,"Rain, Partially cloudy",Partly cloudy throughout the day with rain in the morning and afternoon.,rain,"43296099999,VOBG,42705699999,VOBL,43302599999,43295099999"
bangalore,03/07/2016,27.2,20.7,23.9,28.5,20.7,24.1,20,79.6,0.2,100,8.33,rain,0,0,57.2,27.9,248.7,1011.6,67.8,8.3,176.3,15.2,6,,2016-07-03T05:57:48,2016-07-03T18:49:59,0.96,"Rain, Partially cloudy",Partly cloudy throughout the day with rain in the morning and afternoon.,rain,"43296099999,VOBG,42705699999,VOBL,43302599999,43295099999"
bangalore,04/07/2016,27.3,21,23.5,28.9,21,23.7,20.6,84.1,0.192,100,4.17,rain,0,0,43.9,27.6,247.4,1012.3,67.4,8.1,124.4,10.7,6,,2016-07-04T05:58:04,2016-07-04T18:50:04,0,"Rain, Partially cloudy",Partly cloudy throughout the day with late afternoon rain.,rain,"43296099999,VOBG,42705699999,VOBL,43302599999,43295099999"
bangalore,05/07/2016,27,21,23.7,28.8,21,24,20.4,82.8,15.9,100,29.17,rain,0,0,46.8,27.8,254.2,1011.5,84.9,7.7,102,8.9,5,,2016-07-05T05:58:21,2016-07-05T18:50:08,0.03,"Rain, Partially cloudy",Partly cloudy throughout the day with rain.,rain,"43296099999,VOBG,42705699999,VOBL,43302599999,43295099999"
bangalore,06/07/2016,27,21,22.9,28.8,21,23,20.8,88.5,6.84,100,8.33,rain,0,0,48.6,22.4,245.6,1011.5,67.3,7.4,149.7,12.9,6,,2016-07-06T05:58:38,2016-07-06T18:50:11,0.06,"Rain, Partially cloudy",Partly cloudy throughout the day with afternoon rain.,rain,"43296099999,43272099999,VOBG,42705699999,VOBL,43302599999,43295099999"
bangalore,07/07/2016,27,20.9,23.7,28.8,20.9,23.9,20.1,80.9,4.8,100,33.33,rain,0,0,49,27.9,255.8,1011.4,74.9,8.1,149.8,12.8,5,,2016-07-07T05:58:54,2016-07-07T18:50:14,0.09,"Rain, Partially cloudy",Partly cloudy throughout the day with rain.,rain,"43296099999,VOBG,42705699999,VOBL,43302599999,43295099999"
bangalore,08/07/2016,26,21,23.2,26,21,23.2,20.4,85,0.024,100,4.17,rain,0,0,68,29.3,254.5,1010.8,81.4,7.6,196.4,16.8,7,,2016-07-08T05:59:11,2016-07-08T18:50:15,0.12,"Rain, Partially cloudy",Partly cloudy throughout the day with morning rain.,rain,"43296099999,VOBG,42705699999,VOBL,43302599999,43295099999"
bangalore,09/07/2016,25,21,22.5,25,21,22.5,19.6,84.6,0.216,100,4.17,rain,0,0,74.2,37.1,256.4,1010.5,82.1,6.9,183.3,16,6,,2016-07-09T05:59:28,2016-07-09T18:50:16,0.16,"Rain, Partially cloudy",Partly cloudy throughout the day with morning rain.,rain,"43296099999,VOBG,42705699999,VOBL,43302599999,43295099999"
bangalore,10/07/2016,27.9,20.2,23.2,28.8,20.2,23.3,19.3,80.2,0.008,100,4.17,rain,0,0,67,42.7,251.6,1010.1,75.5,7.8,209.1,17.9,7,,2016-07-10T05:59:45,2016-07-10T18:50:16,0.19,"Rain, Partially cloudy",Partly cloudy throughout the day with late afternoon rain.,rain,"43296099999,VOBG,42705699999,VOBL,43302599999,43295099999"
bangalore,11/07/2016,28,20.7,23.6,28.8,20.7,23.8,18.6,75.1,0.952,100,4.17,rain,0,0,107.6,37.6,257.8,1010.3,66,7.9,162.9,14,6,,2016-07-11T06:00:02,2016-07-11T18:50:15,0.22,"Rain, Partially cloudy",Partly cloudy throughout the day with late afternoon rain.,rain,"43296099999,VOBG,42705699999,VOBL,43302599999,43295099999"
bangalore,12/07/2016,28,20.9,23.5,28.8,20.9,23.6,18.8,76.4,0.5,100,20.83,rain,0,0,55.4,37.2,252.8,1011.2,63.3,7.7,188.9,16.3,7,,2016-07-12T06:00:18,2016-07-12T18:50:14,0.25,"Rain, Partially cloudy",Partly cloudy throughout the day with rain in the morning and afternoon.,rain,"43296099999,VOBG,42705699999,VOBL,43302599999,43295099999"
bangalore,13/07/2016,28.9,20.7,23.8,29.8,20.7,24,19,76.1,0,0,0,,0,0,49.7,29.5,255.2,1011.8,63.2,8.1,0,0,0,,2016-07-13T06:00:35,2016-07-13T18:50:11,0.28,Partially cloudy,Partly cloudy throughout the day.,partly-cloudy-day,"43296099999,VOBG,42705699999,VOBL,43302599999,43295099999"
bangalore,14/07/2016,30,19.9,24.8,31.2,19.9,25.1,19.1,72.9,3.4,100,29.17,rain,0,0,50,22.4,257.9,1011,51.4,8.4,220.3,18.9,7,,2016-07-14T06:00:51,2016-07-14T18:50:07,0.32,"Rain, Partially cloudy",Partly cloudy throughout the day with rain.,rain,"43296099999,VOBG,42705699999,VOBL,43302599999,43295099999"
bangalore,15/07/2016,28.9,21.1,24.8,30.5,21.1,25.3,19.9,76.2,1.92,100,4.17,rain,0,0,31,21.4,256.1,1011,62.9,8.4,207.5,17.8,8,,2016-07-15T06:01:08,2016-07-15T18:50:03,0.35,"Rain, Partially cloudy",Partly cloudy throughout the day with late afternoon rain.,rain,"43296099999,43272099999,VOBG,42705699999,VOBL,43302599999,43295099999"
bangalore,16/07/2016,29,21,24.7,31.4,21,25.2,20,76.5,1.84,100,4.17,rain,0,0,29.9,16.3,252.7,1012.2,67.7,7.8,195.4,16.9,7,,2016-07-16T06:01:24,2016-07-16T18:49:58,0.38,"Rain, Partially cloudy",Partly cloudy throughout the day with late afternoon rain.,rain,"43296099999,VOBG,42705699999,VOBL,43302599999,43295099999"
bangalore,17/07/2016,28,19.5,23.7,29.6,19.5,24.1,20.1,81.4,3.68,100,4.17,rain,0,0,27.4,14.7,258.1,1014.1,74.1,7.9,179.8,15.6,8,,2016-07-17T06:01:40,2016-07-17T18:49:52,0.41,"Rain, Partially cloudy",Partly cloudy throughout the day with early morning rain.,rain,"43296099999,VOBG,42705699999,VOBL,43302599999,43295099999"
bangalore,18/07/2016,27.9,21,23.7,29.2,21,24,19.4,78.2,0.2,100,8.33,rain,0,0,34.6,22.2,269.1,1014.3,63.4,8.5,171.8,14.8,7,,2016-07-18T06:01:56,2016-07-18T18:49:45,0.45,"Rain, Partially cloudy",Partly cloudy throughout the day with rain clearing later.,rain,"43296099999,VOBG,42705699999,VOBL,43302599999,43295099999"
bangalore,19/07/2016,27.9,20,23.2,28.8,20,23.4,18.9,78,2.776,100,8.33,rain,0,0,43.6,21.2,269.7,1013.6,70.8,7.8,178.6,15.4,7,,2016-07-19T06:02:12,2016-07-19T18:49:37,0.48,"Rain, Partially cloudy",Partly cloudy throughout the day with late afternoon rain.,rain,"43296099999,VOBG,42705699999,VOBL,43302599999,43295099999"
bangalore,20/07/2016,27.9,20.7,23,29.1,20.7,23.2,19.4,81.4,21.879,100,8.33,rain,0,0,45,22.2,271,1012.6,75.6,7.1,175.3,15,7,,2016-07-20T06:02:28,2016-07-20T18:49:28,0.5,"Rain, Partially cloudy",Partly cloudy throughout the day with rain.,rain,"43296099999,VOBG,42705699999,VOBL,43302599999,43295099999"
bangalore,21/07/2016,27.9,20,22.6,29.2,20,22.7,19.2,82.2,7.92,100,12.5,rain,0,0,46.4,29.1,273,1011.6,75.3,8,129.3,11.2,4,,2016-07-21T06:02:43,2016-07-21T18:49:18,0.55,"Rain, Partially cloudy",Partly cloudy throughout the day with rain.,rain,"43296099999,VOBG,42705699999,VOBL,43302599999,43295099999"
bangalore,22/07/2016,24.2,19.7,22,24.2,19.7,22,19,83.8,0.368,100,4.17,rain,0,0,50.4,27.5,267.6,1010.9,82.6,7.4,116.7,10,5,,2016-07-22T06:02:58,2016-07-22T18:49:08,0.58,"Rain, Partially cloudy",Partly cloudy throughout the day with afternoon rain.,rain,"43296099999,VOBG,42705699999,VOBL,43302599999,43295099999"
bangalore,23/07/2016,26.9,19,22.5,27.9,19,22.5,18.9,81.5,0.248,100,8.33,rain,0,0,64.8,22.3,263.7,1010.6,69.4,7.8,158.1,13.7,6,,2016-07-23T06:03:13,2016-07-23T18:48:56,0.62,"Rain, Partially cloudy",Partly cloudy throughout the day with late afternoon rain.,rain,"43296099999,VOBG,42705699999,VOBL,43302599999,43295099999"
bangalore,24/07/2016,27,20,23.2,28.5,20,23.5,20.1,83.5,0.721,100,4.17,rain,0,0,37.8,21.6,261.5,1010.5,77.5,7.6,143.2,12.5,7,,2016-07-24T06:03:27,2016-07-24T18:48:44,0.66,"Rain, Partially cloudy",Partly cloudy throughout the day with late afternoon rain.,rain,"43296099999,VOBG,42705699999,VOBL,43302599999,43295099999"
bangalore,25/07/2016,29.9,20.9,24.1,31.3,20.9,24.7,20.4,81.6,20.038,100,8.33,rain,0,0,33.5,14.9,261.8,1010.5,71.5,8,199.7,17.2,7,,2016-07-25T06:03:42,2016-07-25T18:48:31,0.69,"Rain, Partially cloudy",Partly cloudy throughout the day with late afternoon rain.,rain,"43296099999,VOBG,42705699999,VOBL,43302599999,43295099999"
bangalore,26/07/2016,28,20,23.5,29.6,20,23.7,20.5,84.7,11.24,100,12.5,rain,0,0,24.5,14.7,259.5,1010.7,75.4,7.4,184.7,16,7,,2016-07-26T06:03:56,2016-07-26T18:48:16,0.73,"Rain, Partially cloudy",Partly cloudy throughout the day with rain.,rain,"43296099999,VOBG,42705699999,VOBL,43302599999,43295099999"
bangalore,27/07/2016,28.9,21,24.2,30.7,21,24.7,20.6,81.9,25.119,100,12.5,rain,0,0,53.6,14.6,241.7,1011.2,66.4,7.5,237.9,20.5,8,,2016-07-27T06:04:09,2016-07-27T18:48:01,0.75,"Rain, Partially cloudy",Partly cloudy throughout the day with rain.,rain,"43296099999,VOBG,42705699999,VOBL,43302599999,43295099999"
bangalore,28/07/2016,27.9,19.7,23.4,29.6,19.7,23.7,20.3,83.9,39.677,100,16.67,rain,0,0,31.3,14.5,280.5,1011.3,76.4,7.8,182.8,15.8,7,,2016-07-28T06:04:23,2016-07-28T18:47:45,0.8,"Rain, Partially cloudy",Partly cloudy throughout the day with rain.,rain,"43296099999,VOBG,42705699999,VOBL,43302599999,43295099999"
bangalore,29/07/2016,24,20,21.7,24,20,21.7,20.2,91.6,26.842,100,12.5,rain,0,0,51.1,18.6,273.3,1011.3,87.1,6.5,146.9,12.8,8,,2016-07-29T06:04:36,2016-07-29T18:47:29,0.83,"Rain, Partially cloudy",Partly cloudy throughout the day with rain clearing later.,rain,"43296099999,VOBG,42705699999,VOBL,43302599999,43295099999"
bangalore,30/07/2016,25.9,20,21.7,25.9,20,21.7,19.8,89.5,7.84,100,12.5,rain,0,0,45,24,251.7,1011.7,83,7.1,123.6,10.8,6,,2016-07-30T06:04:49,2016-07-30T18:47:11,0.87,"Rain, Partially cloudy",Partly cloudy throughout the day with rain.,rain,"43296099999,VOBG,42705699999,VOBL,43302599999,43295099999"
bangalore,31/07/2016,27,19.7,22.6,28.1,19.7,22.7,19.3,82.9,4.5,100,33.33,rain,0,0,48.2,27.6,256.1,1012.6,75.9,7.7,124.3,10.7,4,,2016-07-31T06:05:01,2016-07-31T18:46:52,0.91,"Rain, Partially cloudy",Partly cloudy throughout the day with rain clearing later.,rain,"43296099999,VOBG,42705699999,VOBL,43302599999,43295099999"
bangalore,01/08/2016,26.9,20,22.8,28.1,20,22.8,18.8,79.5,0.7,100,25,rain,0,0,56.9,36.7,259.3,1012.1,70.2,8.2,150.9,13.1,6,,2016-08-01T06:05:13,2016-08-01T18:46:33,0.94,"Rain, Partially cloudy",Partly cloudy throughout the day with rain.,rain,"43296099999,VOBG,42705699999,VOBL,43302599999,43295099999"
bangalore,02/08/2016,28,20,23.1,28.5,20,23.2,17.6,72.5,0,0,0,,0,0,55.4,37.2,256.5,1009.8,54,8.6,139,12.1,5,,2016-08-02T06:05:25,2016-08-02T18:46:12,0.98,Partially cloudy,Partly cloudy throughout the day.,partly-cloudy-day,"43296099999,VOBG,42705699999,VOBL,43302599999,43295099999"
bangalore,03/08/2016,26,19.5,22.4,26,19.5,22.4,18.1,77.6,0.1,100,4.17,rain,0,0,58.7,36.9,255.3,1009.4,57.4,8.7,176.3,15.3,6,,2016-08-03T06:05:36,2016-08-03T18:45:51,0,"Rain, Partially cloudy",Partly cloudy throughout the day with afternoon rain.,rain,"43296099999,VOBG,42705699999,VOBL,43302599999,43295099999"
bangalore,04/08/2016,26.9,19.7,22.8,27.9,19.7,22.9,18.5,77.6,0.3,100,12.5,rain,0,0,49,28.6,255.1,1010.6,66.1,8.4,170,14.7,5,,2016-08-04T06:05:47,2016-08-04T18:45:29,0.05,"Rain, Partially cloudy",Partly cloudy throughout the day with rain in the morning and afternoon.,rain,"43296099999,VOBG,42705699999,VOBL,43302599999,43295099999"
bangalore,05/08/2016,27.9,20,23.2,28.8,20,23.4,18.7,77,1,100,33.33,rain,0,0,56.5,39.6,252.3,1011.2,66.8,8.6,173.8,14.9,6,,2016-08-05T06:05:58,2016-08-05T18:45:06,0.08,"Rain, Partially cloudy",Partly cloudy throughout the day with rain.,rain,"43296099999,VOBG,42705699999,VOBL,43302599999,43295099999"
bangalore,06/08/2016,28.9,20,23.7,29.8,20,24,18.6,74.4,0.2,100,8.33,rain,0,0,59.4,37.1,254.8,1011.7,59.3,8.6,184.3,15.7,7,,2016-08-06T06:06:08,2016-08-06T18:44:43,0.11,"Rain, Partially cloudy",Partly cloudy throughout the day with afternoon rain.,rain,"43296099999,VOBG,42705699999,VOBL,43302599999,43295099999"
bangalore,07/08/2016,28,20.3,23.6,28.9,20.3,23.8,19,76.8,1.5,100,25,rain,0,0,52.2,36.7,246.4,1012.7,57.7,8.3,193.3,16.7,7,,2016-08-07T06:06:18,2016-08-07T18:44:18,0.14,"Rain, Partially cloudy",Partly cloudy throughout the day with rain.,rain,"43296099999,VOBG,42705699999,VOBL,43302599999,43295099999"
bangalore,08/08/2016,28,20.2,23.9,29.2,20.2,24.2,19.3,76.8,0.1,100,4.17,rain,0,0,45,27.6,250.3,1013.6,56.6,8.1,179.9,15.3,5,,2016-08-08T06:06:27,2016-08-08T18:43:53,0.17,"Rain, Partially cloudy",Partly cloudy throughout the day with late afternoon rain.,rain,"43296099999,VOBG,42705699999,VOBL,43302599999,43295099999"
bangalore,09/08/2016,29,21,24.2,30.2,21,24.5,19.2,75.2,0.4,100,16.67,rain,0,0,44.3,24.2,246.2,1013.3,54.6,8.5,198.2,17.2,7,,2016-08-09T06:06:36,2016-08-09T18:43:27,0.21,"Rain, Partially cloudy",Partly cloudy throughout the day with rain.,rain,"43296099999,VOBG,42705699999,VOBL,43302599999,43295099999"
bangalore,10/08/2016,29,20,24,29.8,20,24.3,18.9,74.8,0.3,100,8.33,rain,0,0,46.4,27.7,254.6,1013.4,54.6,8.4,196.7,16.9,7,,2016-08-10T06:06:45,2016-08-10T18:43:00,0.25,"Rain, Partially cloudy",Partly cloudy throughout the day with rain.,rain,"43296099999,VOBG,42705699999,VOBL,43302599999,43295099999"
bangalore,11/08/2016,29,19.9,24.3,29.8,19.9,24.5,18.7,73.2,0.3,100,8.33,rain,0,0,41.4,25.8,259.3,1014.3,55,8.3,190.8,16.6,6,,2016-08-11T06:06:54,2016-08-11T18:42:33,0.27,"Rain, Partially cloudy",Partly cloudy throughout the day with rain.,rain,"43296099999,VOBG,42705699999,VOBL,43302599999,43295099999"
bangalore,12/08/2016,29,21,23.8,30.2,21,24,19.9,79.9,6.064,100,8.33,rain,0,0,41,23.9,259.3,1014.3,68,8.1,189.7,16.3,8,,2016-08-12T06:07:02,2016-08-12T18:42:04,0.3,"Rain, Partially cloudy",Partly cloudy throughout the day with rain.,rain,"43296099999,VOBG,42705699999,VOBL,43302599999,43295099999"
bangalore,13/08/2016,28,20.9,23.9,29.8,20.9,24.2,20.1,80.6,0.016,100,4.17,rain,0,0,45.7,29.1,261.9,1012.9,62.4,7.9,195.1,16.9,8,,2016-08-13T06:07:09,2016-08-13T18:41:35,0.34,"Rain, Partially cloudy",Partly cloudy throughout the day with afternoon rain.,rain,"43296099999,VOBG,42705699999,VOBL,43302599999,43295099999"
bangalore,14/08/2016,28.9,20,23.5,29.7,20,23.6,19.6,80.4,3.224,100,12.5,rain,0,0,46.4,27.3,262.7,1012.7,64.2,7.8,201.6,17.4,8,,2016-08-14T06:07:16,2016-08-14T18:41:05,0.37,"Rain, Partially cloudy",Partly cloudy throughout the day with rain.,rain,"43296099999,43272099999,VOBG,42705699999,VOBL,43302599999,43295099999"
bangalore,15/08/2016,29,19.9,23.5,30.2,19.9,23.8,19.3,78.9,2.032,100,8.33,rain,0,0,49.7,25.6,268,1012,58.6,8.5,185.1,15.9,7,,2016-08-15T06:07:23,2016-08-15T18:40:35,0.4,"Rain, Partially cloudy",Partly cloudy throughout the day with late afternoon rain.,rain,"43296099999,VOBG,42705699999,VOBL,43302599999,43295099999"
bangalore,16/08/2016,28,20.9,23.2,29.6,20.9,23.4,19.4,80.7,8,100,4.17,rain,0,0,56.2,27.8,266.1,1011,59.2,8.2,183.4,16,6,,2016-08-16T06:07:30,2016-08-16T18:40:04,0.43,"Rain, Partially cloudy",Partly cloudy throughout the day with afternoon rain.,rain,"43296099999,VOBG,42705699999,VOBL,43302599999,43295099999"
bangalore,17/08/2016,28,20,23.3,29.2,20,23.6,19.2,78.7,0.184,100,4.17,rain,0,0,52.6,29.4,265.3,1010.3,57.4,8.9,190.3,16.6,7,,2016-08-17T06:07:36,2016-08-17T18:39:32,0.46,"Rain, Partially cloudy",Partly cloudy throughout the day with afternoon rain.,rain,"43296099999,VOBG,42705699999,VOBL,43302599999,43295099999"
bangalore,18/08/2016,29,20.5,23.8,30.2,20.5,24.1,19.1,76.2,0.276,100,4.17,rain,0,0,43.6,22.3,257.7,1010.9,63.3,8.6,191.9,16.6,7,,2016-08-18T06:07:42,2016-08-18T18:39:00,0.5,"Rain, Partially cloudy",Partly cloudy throughout the day with afternoon rain.,rain,"43296099999,VOBG,42705699999,VOBL,43302599999,43295099999"
bangalore,19/08/2016,29,20.5,24,29.8,20.5,24.2,19.1,76,0.7,100,20.83,rain,0,0,42.5,25.5,255.8,1011.1,58.1,8.4,201.1,17.5,8,,2016-08-19T06:07:47,2016-08-19T18:38:26,0.53,"Rain, Partially cloudy",Partly cloudy throughout the day with rain.,rain,"43296099999,VOBG,42705699999,VOBL,43302599999,43295099999"
bangalore,20/08/2016,29.9,19.9,24.3,29.9,19.9,24.5,18.8,74.1,1.048,100,8.33,rain,0,0,34.9,23.9,267.7,1011,53.8,8.4,222.7,19.2,8,,2016-08-20T06:07:52,2016-08-20T18:37:53,0.57,"Rain, Partially cloudy",Partly cloudy throughout the day with late afternoon rain.,rain,"43296099999,VOBG,42705699999,VOBL,43302599999,43295099999"
bangalore,21/08/2016,30,20.5,24.6,30.8,20.5,24.9,19.1,73.7,2.24,100,8.33,rain,0,0,33.5,18.4,267,1011.7,59,8,243.5,21.2,8,,2016-08-21T06:07:57,2016-08-21T18:37:18,0.6,"Rain, Partially cloudy",Partly cloudy throughout the day with late afternoon rain.,rain,"43296099999,VOBG,42705699999,VOBL,43302599999,43295099999"
bangalore,22/08/2016,29,21.9,24.8,30.2,21.9,25.1,19.3,73,6.439,100,4.17,rain,0,0,34.2,28.6,277.3,1012.5,61.5,8.3,166.9,14.3,6,,2016-08-22T06:08:02,2016-08-22T18:36:43,0.64,"Rain, Partially cloudy",Partly cloudy throughout the day with late afternoon rain.,rain,"43296099999,VOBG,42705699999,VOBL,43302599999,43295099999"
bangalore,23/08/2016,29,21,24.5,30.2,21,24.6,19.5,75.4,0.784,100,4.17,rain,0,0,37.8,20.3,264.1,1012.5,60.6,8.4,220.6,19.1,8,,2016-08-23T06:08:06,2016-08-23T18:36:08,0.67,"Rain, Partially cloudy",Partly cloudy throughout the day with afternoon rain.,rain,"43296099999,VOBG,42705699999,VOBL,43302599999,43295099999"
bangalore,24/08/2016,29,21,24.5,30.2,21,24.9,19.5,75.2,1.3,100,12.5,rain,0,0,40.3,22.4,262.8,1011.8,59.5,8.1,197,16.7,8,,2016-08-24T06:08:10,2016-08-24T18:35:32,0.71,"Rain, Partially cloudy",Partly cloudy throughout the day with rain in the morning and afternoon.,rain,"43296099999,VOBG,42705699999,VOBL,43302599999,43295099999"
bangalore,25/08/2016,27.9,21,23.4,29.2,21,23.7,19.6,80.1,15.961,100,8.33,rain,0,0,36,22,269.2,1012,69.1,8,179.5,15.5,6,,2016-08-25T06:08:13,2016-08-25T18:34:56,0.75,"Rain, Partially cloudy",Partly cloudy throughout the day with late afternoon rain.,rain,"43296099999,VOBG,42705699999,VOBL,43302599999,43295099999"
bangalore,26/08/2016,28,21,23.6,29.6,21,23.8,19.8,80.3,0.208,100,8.33,rain,0,0,40.7,22.1,276.2,1011.8,62.9,8,177,15.4,7,,2016-08-26T06:08:16,2016-08-26T18:34:19,0.78,"Rain, Partially cloudy",Partly cloudy throughout the day with rain.,rain,"43296099999,VOBG,42705699999,VOBL,43302599999,43295099999"
bangalore,27/08/2016,27.9,21,23.4,29.2,21,23.7,20,82.2,0.561,100,4.17,rain,0,0,36,21.4,264.1,1011.5,71.9,8,135,11.7,6,,2016-08-27T06:08:19,2016-08-27T18:33:41,0.82,"Rain, Partially cloudy",Partly cloudy throughout the day with late afternoon rain.,rain,"43296099999,VOBG,42705699999,VOBL,43302599999,43295099999"
bangalore,28/08/2016,27,21,23.5,28.4,21,23.6,19.8,80.8,0.5,100,16.67,rain,0,0,39.6,22.3,258.5,1012.3,74.3,7.9,132.3,11.4,5,,2016-08-28T06:08:22,2016-08-28T18:33:03,0.85,"Rain, Partially cloudy",Partly cloudy throughout the day with rain in the morning and afternoon.,rain,"43296099999,VOBG,42705699999,VOBL,43302599999,43295099999"
bangalore,29/08/2016,27,21,23.6,28.5,21,23.7,20.1,81.5,0.232,100,4.17,rain,0,0,38.5,18.4,263.7,1011.6,78.3,8.4,199.1,17.3,8,,2016-08-29T06:08:25,2016-08-29T18:32:25,0.89,"Rain, Partially cloudy",Partly cloudy throughout the day with afternoon rain.,rain,"43296099999,VOBG,42705699999,VOBL,43302599999,43295099999"
bangalore,30/08/2016,27,21.6,23.9,28.4,21.6,24,20.7,83.2,2.92,100,4.17,rain,0,0,39.6,17.4,276.9,1010.3,81.5,7.2,157.2,13.6,7,,2016-08-30T06:08:27,2016-08-30T18:31:46,0.92,"Rain, Partially cloudy",Partly cloudy throughout the day with late afternoon rain.,rain,"43296099999,VOBG,42705699999,VOBL,43302599999,43295099999"
bangalore,31/08/2016,25.9,21,22.7,25.9,21,22.7,20.5,88.3,31.363,100,20.83,rain,0,0,33.8,18.5,263.4,1011.1,90.7,7.6,135.7,11.7,5,,2016-08-31T06:08:29,2016-08-31T18:31:07,0.96,"Rain, Overcast",Cloudy skies throughout the day with rain.,rain,"43296099999,VOBG,42705699999,VOBL,43302599999,43295099999"
bangalore,01/09/2016,26.8,20,23,28,20,23,20,84,2.8,100,4.17,rain,0,0,38.9,21.8,258.4,1012.6,82.1,7.8,179.9,15.6,7,,2016-09-01T06:08:31,2016-09-01T18:30:27,0,"Rain, Partially cloudy",Partly cloudy throughout the day with early morning rain.,rain,"43296099999,VOBG,42705699999,VOBL,43302599999,43295099999"
bangalore,02/09/2016,27,20.9,23.1,28.1,20.9,23.2,19.6,81.3,1.1,100,12.5,rain,0,0,36.7,22.3,255.4,1013,72.3,8.1,186.8,16,6,,2016-09-02T06:08:32,2016-09-02T18:29:47,0.03,"Rain, Partially cloudy",Partly cloudy throughout the day with rain.,rain,"43296099999,43272099999,VOBG,42705699999,VOBL,43302599999,43295099999"
bangalore,03/09/2016,27.9,20.7,23.7,29.2,20.7,23.9,19.5,78.4,0.3,100,12.5,rain,0,0,36.7,22.2,259.4,1012.8,60,8.4,139.6,11.9,5,,2016-09-03T06:08:33,2016-09-03T18:29:07,0.06,"Rain, Partially cloudy",Partly cloudy throughout the day with rain.,rain,"43296099999,VOBG,42705699999,VOBL,43302599999,43295099999"
bangalore,04/09/2016,26.9,19,22.5,28.1,19,22.6,19.5,83.9,0.792,100,8.33,rain,0,0,183.6,22.5,268.5,1014.6,71.1,8.1,173.1,14.9,6,,2016-09-04T06:08:35,2016-09-04T18:28:26,0.09,"Rain, Partially cloudy",Partly cloudy throughout the day with rain.,rain,"43296099999,VOBG,42705699999,VOBL,43302599999,43295099999"
bangalore,05/09/2016,27,19,22.7,27.9,19,22.8,18.4,78.2,0.008,100,4.17,rain,0,0,41.4,24.1,265.7,1015,65.4,8.2,201.5,17.3,6,,2016-09-05T06:08:36,2016-09-05T18:27:45,0.13,"Rain, Partially cloudy",Partly cloudy throughout the day with late afternoon rain.,rain,"43296099999,VOBG,42705699999,VOBL,43302599999,43295099999"
bangalore,06/09/2016,27,19,22.5,27.7,19,22.5,18.6,79.7,0.368,100,4.17,rain,0,0,42.5,22,262.8,1015.3,63.9,8,193.1,16.7,8,,2016-09-06T06:08:36,2016-09-06T18:27:04,0.16,"Rain, Partially cloudy",Partly cloudy throughout the day with afternoon rain.,rain,"43296099999,VOBG,42705699999,VOBL,43302599999,43295099999"
bangalore,07/09/2016,28,18,23,28.2,18,23.1,17.1,71.9,0.2,100,8.33,rain,0,0,42.5,18.5,277.6,1014.4,55.1,8.6,211.6,18.3,8,,2016-09-07T06:08:37,2016-09-07T18:26:22,0.19,"Rain, Partially cloudy",Partly cloudy throughout the day with rain.,rain,"43296099999,43272099999,VOBG,42705699999,VOBL,43302599999,43295099999"
bangalore,08/09/2016,28,18.9,23.7,28.5,18.9,23.8,17.4,70.2,0,0,0,,0,0,36.7,18.6,274.7,1013.7,56.7,8.3,231.1,19.9,9,,2016-09-08T06:08:38,2016-09-08T18:25:41,0.22,Partially cloudy,Partly cloudy throughout the day.,partly-cloudy-day,"43296099999,VOBG,42705699999,VOBL,43302599999,43295099999"
bangalore,09/09/2016,29,20,24.3,29.8,20,24.5,18.5,71.9,0.08,100,4.17,rain,0,0,31.3,18.2,281.5,1013.9,52.3,8,242.8,20.8,8,,2016-09-09T06:08:38,2016-09-09T18:24:59,0.25,"Rain, Partially cloudy",Partly cloudy throughout the day with late afternoon rain.,rain,"43296099999,VOBG,42705699999,VOBL,43302599999,43295099999"
bangalore,10/09/2016,29,21,24.6,30.7,21,25,19.4,75.1,12.881,100,12.5,rain,0,0,51.8,18.2,281.9,1013.2,65.4,8,250.6,21.6,9,,2016-09-10T06:08:38,2016-09-10T18:24:16,0.29,"Rain, Partially cloudy",Partly cloudy throughout the day with rain.,rain,"43296099999,VOBG,42705699999,VOBL,43302599999,43295099999"
bangalore,11/09/2016,27,20,23.3,27.7,20,23.3,18.5,76,0,0,0,,0,0,40.3,18.3,282.4,1012.5,76,8.6,201.6,17.2,8,,2016-09-11T06:08:39,2016-09-11T18:23:34,0.32,Partially cloudy,Partly cloudy throughout the day.,partly-cloudy-day,"43296099999,VOBG,42705699999,VOBL,43302599999,43295099999"
bangalore,12/09/2016,25.9,20.7,23,25.9,20.7,23,18.7,77.5,1.04,100,8.33,rain,0,0,38.5,18.5,284.1,1011.9,71.4,8.2,202.6,17.5,7,,2016-09-12T06:08:39,2016-09-12T18:22:52,0.35,"Rain, Partially cloudy",Partly cloudy throughout the day with early morning rain.,rain,"43296099999,VOBG,42705699999,VOBL,43302599999,43295099999"
bangalore,13/09/2016,27,20.9,23.8,27.9,20.9,24,19.1,76.4,1.2,100,37.5,rain,0,0,37.1,18.5,279.2,1012.2,72.8,8.2,165.1,14.5,7,,2016-09-13T06:08:39,2016-09-13T18:22:09,0.39,"Rain, Partially cloudy",Partly cloudy throughout the day with a chance of rain throughout the day.,rain,"43296099999,VOBG,42705699999,VOBL,43302599999,43295099999"
bangalore,14/09/2016,28.9,21,23.6,29.8,21,23.8,19.4,79.1,0.564,100,8.33,rain,0,0,44.6,25.6,277.5,1011.8,72,7.9,164.9,14.2,6,,2016-09-14T06:08:39,2016-09-14T18:21:26,0.42,"Rain, Partially cloudy",Partly cloudy throughout the day with late afternoon rain.,rain,"43296099999,43272099999,VOBG,42705699999,VOBL,43302599999,43295099999"
bangalore,15/09/2016,28,20.7,23.2,29.2,20.7,23.3,19.6,82.1,5.961,100,12.5,rain,0,0,48.2,29,271,1011.3,71.9,7.9,209.5,18.1,8,,2016-09-15T06:08:39,2016-09-15T18:20:44,0.45,"Rain, Partially cloudy",Partly cloudy throughout the day with rain.,rain,"43296099999,VOBG,42705699999,VOBL,43302599999,43295099999"
bangalore,16/09/2016,27,20.4,23.3,28.2,20.4,23.4,19.3,79.3,1.3,100,33.33,rain,0,0,45.7,27.5,254.6,1011.6,78.1,8.3,179.7,15.5,8,,2016-09-16T06:08:39,2016-09-16T18:20:01,0.48,"Rain, Partially cloudy",Partly cloudy throughout the day with a chance of rain throughout the day.,rain,"43296099999,VOBG,42705699999,VOBL,43302599999,43295099999"
bangalore,17/09/2016,27,20.7,23.5,28.2,20.7,23.6,18.7,75.7,0,0,0,,0,0,179.6,27.6,252,1011.8,71.8,8.4,199.9,17.4,7,,2016-09-17T06:08:39,2016-09-17T18:19:18,0.5,Partially cloudy,Partly cloudy throughout the day.,partly-cloudy-day,"43296099999,VOBG,42705699999,VOBL,43302599999,43295099999"
bangalore,18/09/2016,28.9,19,23.8,29.4,19,24,17.6,70.5,0.4,100,8.33,rain,0,0,43.9,24.1,258.6,1013.4,59.8,8.4,211.3,18.2,8,,2016-09-18T06:08:39,2016-09-18T18:18:35,0.55,"Rain, Partially cloudy",Partly cloudy throughout the day with afternoon rain.,rain,"43296099999,VOBG,42705699999,VOBL,43302599999,43295099999"
bangalore,19/09/2016,29,19,24.2,32.2,19,24.4,17.8,70.1,0,0,0,,0,0,46.4,31.3,275.4,1013.4,54.1,8.1,200,17.3,7,,2016-09-19T06:08:39,2016-09-19T18:17:52,0.59,Partially cloudy,Partly cloudy throughout the day.,partly-cloudy-day,"43296099999,VOBG,42705699999,VOBL,43302599999,43295099999"
bangalore,20/09/2016,27.9,20,23.4,28.4,20,23.5,17.7,72.1,0.3,100,8.33,rain,0,0,43.2,27.2,276.5,1012.5,63.9,8.2,175.6,15.2,6,,2016-09-20T06:08:39,2016-09-20T18:17:09,0.62,"Rain, Partially cloudy",Partly cloudy throughout the day with late afternoon rain.,rain,"43296099999,VOBG,42705699999,VOBL,43302599999,43295099999"
bangalore,21/09/2016,26.9,20.9,23,27.6,20.9,23.1,19.1,79.6,0.184,100,4.17,rain,0,0,45,24.1,290.4,1012.4,75.9,8.2,135.5,11.7,5,,2016-09-21T06:08:40,2016-09-21T18:16:27,0.66,"Rain, Partially cloudy",Partly cloudy throughout the day with morning rain.,rain,"43296099999,VOBG,42705699999,VOBL,43302599999,43295099999"
bangalore,22/09/2016,28,20,23.2,28.9,20,23.3,18.7,77.6,0.4,100,4.17,rain,0,0,52.9,27.4,278.1,1012.6,84.3,7.9,178.5,15.4,7,,2016-09-22T06:08:40,2016-09-22T18:15:44,0.69,"Rain, Partially cloudy",Partly cloudy throughout the day with early morning rain.,rain,"43296099999,43272099999,VOBG,42705699999,VOBL,43302599999,43295099999"
bangalore,23/09/2016,25,20.7,22.4,25,20.7,22.4,19.2,82.7,0.816,100,4.17,rain,0,0,51.5,31.7,269.2,1011.1,78.5,7.8,167.1,14.4,7,,2016-09-23T06:08:41,2016-09-23T18:15:01,0.75,"Rain, Partially cloudy",Partly cloudy throughout the day with afternoon rain.,rain,"43296099999,43272099999,VOBG,42705699999,VOBL,43302599999,43295099999"
bangalore,24/09/2016,26,20,22.2,26,20,22.2,19.1,83.8,3.152,100,12.5,rain,0,0,51.8,26.1,256.4,1008,73.5,7.6,136.2,11.6,6,,2016-09-24T06:08:41,2016-09-24T18:14:19,0.76,"Rain, Partially cloudy",Partly cloudy throughout the day with rain in the morning and afternoon.,rain,"43296099999,VOBG,42705699999,VOBL,43302599999,43295099999"
bangalore,25/09/2016,27,20,22.9,28.2,20,23,19.2,80.7,0.8,100,25,rain,0,0,49.3,22.4,257.3,1010.2,64.8,8,156.6,13.3,7,,2016-09-25T06:08:42,2016-09-25T18:13:37,0.8,"Rain, Partially cloudy",Partly cloudy throughout the day with rain in the morning and afternoon.,rain,"43296099999,VOBG,42705699999,VOBL,43302599999,43295099999"
bangalore,26/09/2016,28,20.9,24.1,29.6,20.9,24.4,19.9,79,0,0,0,,0,0,37.4,18.3,264.5,1011.8,70.9,8.2,162.5,14,6,,2016-09-26T06:08:43,2016-09-26T18:12:54,0.83,Partially cloudy,Partly cloudy throughout the day.,partly-cloudy-day,"43296099999,VOBG,42705699999,VOBL,43302599999,43295099999"
bangalore,27/09/2016,28.9,21,24.1,30.2,21,24.5,20.3,81,4.641,100,4.17,rain,0,0,32.4,23.7,274.7,1012.6,67.4,8,176.2,15.1,8,,2016-09-27T06:08:44,2016-09-27T18:12:12,0.87,"Rain, Partially cloudy",Partly cloudy throughout the day with late afternoon rain.,rain,"43296099999,VOBG,42705699999,VOBL,43302599999,43295099999"
bangalore,28/09/2016,29.9,21,24.3,31.8,21,24.7,20.4,80.5,0.32,100,4.17,rain,0,0,30.2,14.6,275.6,1012,70.3,7.8,141.1,12.1,5,,2016-09-28T06:08:45,2016-09-28T18:11:31,0.9,"Rain, Partially cloudy",Partly cloudy throughout the day with late afternoon rain.,rain,"43296099999,VOBG,42705699999,VOBL,43302599999,43295099999"
bangalore,29/09/2016,28,21.9,24.1,29.6,21.9,24.3,20.4,80.7,0.056,100,4.17,rain,0,0,50,16.2,264.8,1011.2,80.3,7,212.5,18.4,8,,2016-09-29T06:08:47,2016-09-29T18:10:49,0.94,"Rain, Partially cloudy",Partly cloudy throughout the day with afternoon rain.,rain,"43296099999,VOBG,42705699999,VOBL,43302599999,43295099999"
bangalore,30/09/2016,28.9,21,24.4,29.9,21,24.6,19.3,75,0.5,100,16.67,rain,0,0,36,22,272.1,1010.8,60.2,7.5,230.3,19.8,8,,2016-09-30T06:08:48,2016-09-30T18:10:08,0.97,"Rain, Partially cloudy",Partly cloudy throughout the day with afternoon rain.,rain,"43296099999,VOBG,42705699999,VOBL,43302599999,43295099999"
bangalore,01/10/2016,27.9,20,23.4,28.4,20,23.6,17.9,73,0,0,0,,0,0,174.2,18.4,264.8,1011.8,57.8,8.1,169.1,14.7,7,,2016-10-01T06:08:50,2016-10-01T18:09:27,0,Partially cloudy,Partly cloudy throughout the day.,partly-cloudy-day,"43296099999,VOBG,42705699999,VOBL,43302599999,43295099999"
bangalore,02/10/2016,29.2,18.5,23.2,29.4,18.5,23.3,17.3,71.7,0,0,0,,0,0,26.6,14.7,249.2,1013.5,41.1,7.2,256.5,22.2,9,,2016-10-02T06:08:52,2016-10-02T18:08:47,0.04,Partially cloudy,Partly cloudy throughout the day.,partly-cloudy-day,"43296099999,VOBG,42705699999,VOBL,43302599999,43295099999"
bangalore,03/10/2016,30.9,19,24.8,31.3,19,25,17.9,68.6,0,0,0,,0,0,20.2,11.1,245.5,1013.1,33.6,7.1,259.2,22.4,9,,2016-10-03T06:08:55,2016-10-03T18:08:06,0.07,Partially cloudy,Partly cloudy throughout the day.,partly-cloudy-day,"43296099999,VOBG,42705699999,VOBL,43302599999,43295099999"
bangalore,04/10/2016,30,21,25.2,30,21,25.3,17.9,66.3,0.4,100,12.5,rain,0,0,27,18.2,263.5,1013.3,48.4,8.2,237,20.5,9,,2016-10-04T06:08:58,2016-10-04T18:07:26,0.11,"Rain, Partially cloudy",Partly cloudy throughout the day with rain.,rain,"43296099999,VOBG,42705699999,VOBL,43302599999,43295099999"
bangalore,05/10/2016,30,20,25,29.9,20,25,17.2,64.8,0,0,0,,0,0,31,18.1,272.2,1013.4,51.2,8,264.6,22.9,9,,2016-10-05T06:09:01,2016-10-05T18:06:47,0.14,Partially cloudy,Partly cloudy throughout the day.,partly-cloudy-day,"43296099999,43272099999,VOBG,42705699999,VOBL,43302599999,43295099999"
bangalore,06/10/2016,30.7,19.9,25,30.4,19.9,25,16.5,62.1,0,0,0,,0,0,29.9,17.9,283,1013.4,39.5,8.2,236.8,20.4,9,,2016-10-06T06:09:04,2016-10-06T18:06:08,0.17,Partially cloudy,Partly cloudy throughout the day.,partly-cloudy-day,"43296099999,VOBG,42705699999,VOBL,43302599999,43295099999"
bangalore,07/10/2016,29,19,24.4,29.1,19,24.5,16.1,61.9,0,0,0,,0,0,29.5,18.2,256.3,1013.6,40.2,7.8,268.1,23.3,10,,2016-10-07T06:09:08,2016-10-07T18:05:29,0.21,Partially cloudy,Partly cloudy throughout the day.,partly-cloudy-day,"43296099999,VOBG,42705699999,VOBL,43302599999,43295099999"
bangalore,08/10/2016,29.9,19,24.7,29.9,19,24.7,17.5,67.3,0,0,0,,0,0,31.3,21.7,253.4,1013.9,43,8,260.3,22.5,9,,2016-10-08T06:09:12,2016-10-08T18:04:51,0.24,Partially cloudy,Partly cloudy throughout the day.,partly-cloudy-day,"43296099999,VOBG,42705699999,VOBL,43302599999,43295099999"
bangalore,09/10/2016,29.9,19.9,24.2,30.3,19.9,24.4,18,70.5,0.936,100,4.17,rain,0,0,177.8,22.2,258,1014.2,47.9,8.1,225.7,19.4,8,,2016-10-09T06:09:17,2016-10-09T18:04:13,0.25,"Rain, Partially cloudy",Partly cloudy throughout the day with late afternoon rain.,rain,"43296099999,VOBG,42705699999,VOBL,43302599999,43295099999"
bangalore,10/10/2016,28,19.9,24.1,28.9,19.9,24.3,18.3,71.7,0.4,100,16.67,rain,0,0,38.9,23.9,254.4,1013.8,57.5,7.9,162.2,14,6,,2016-10-10T06:09:22,2016-10-10T18:03:36,0.31,"Rain, Partially cloudy",Partly cloudy throughout the day with rain.,rain,"43296099999,VOBG,42705699999,VOBL,43302599999,43295099999"
bangalore,11/10/2016,30.1,20.3,24,31.1,20.3,24.3,19.4,77.7,7.433,100,8.33,rain,0,0,31.3,15,261.5,1013.6,75.5,8.1,230.6,19.9,8,,2016-10-11T06:09:27,2016-10-11T18:02:59,0.34,"Rain, Partially cloudy",Partly cloudy throughout the day with late afternoon rain.,rain,"43296099999,VOBG,42705699999,VOBL,43302599999,43295099999"
bangalore,12/10/2016,28,20,23.9,29.6,20,24.3,20.1,80.5,0.412,100,4.17,rain,0,0,23,12.5,243.1,1013.4,72.2,8.1,162.7,13.9,8,,2016-10-12T06:09:33,2016-10-12T18:02:23,0.37,"Rain, Partially cloudy",Partly cloudy throughout the day with late afternoon rain.,rain,"43296099999,VOBG,42705699999,VOBL,43302599999,43295099999"
bangalore,13/10/2016,27.1,19.5,23.6,28.2,19.5,23.8,19,77.4,0.8,100,16.67,rain,0,0,29.2,10.3,155.9,1013.8,79.8,7.1,182.7,15.7,7,,2016-10-13T06:09:39,2016-10-13T18:01:48,0.4,"Rain, Partially cloudy",Partly cloudy throughout the day with rain.,rain,"43296099999,VOBG,42705699999,VOBL,43302599999,43295099999"
bangalore,14/10/2016,29,21,24.9,29.1,21,24.9,17.1,64.8,0.3,100,8.33,rain,0,0,25.6,18.1,78.4,1014,46,7.2,248.4,21.4,9,,2016-10-14T06:09:46,2016-10-14T18:01:13,0.44,"Rain, Partially cloudy",Partly cloudy throughout the day with early morning rain.,rain,"43296099999,VOBG,42705699999,VOBL,43302599999,43295099999"
bangalore,15/10/2016,29.9,18,24,29.1,18,23.8,14.7,59.9,0,0,0,,0,0,23.8,14.5,49,1014.8,26.5,7.5,263.4,22.8,9,,2016-10-15T06:09:53,2016-10-15T18:00:38,0.47,Partially cloudy,Partly cloudy throughout the day.,partly-cloudy-day,"43296099999,VOBG,42705699999,VOBL,43302599999,43295099999"
bangalore,16/10/2016,30,17,24,29,17,23.7,13.9,57.7,0,0,0,,0,0,22,11.2,26.6,1015.2,23.8,7.2,271.3,23.6,9,,2016-10-16T06:10:00,2016-10-16T18:00:05,0.5,Partially cloudy,Partly cloudy throughout the day.,partly-cloudy-day,"43296099999,VOBG,42705699999,VOBL,43302599999,43295099999"
bangalore,17/10/2016,30,17,23.8,29.8,17,23.6,14.4,58.6,0,0,0,,0,0,21.2,12.7,345.6,1014.3,27.3,7.7,270.9,23.2,10,,2016-10-17T06:10:08,2016-10-17T17:59:32,0.54,Partially cloudy,Partly cloudy throughout the day.,partly-cloudy-day,"43296099999,VOBG,42705699999,VOBL,43302599999,43295099999"
bangalore,18/10/2016,30.6,17,24.2,29.6,17,24,14.3,57.3,0,0,0,,0,0,27.7,14.6,23.4,1013.6,34,7.3,261.6,22.5,10,,2016-10-18T06:10:17,2016-10-18T17:59:00,0.57,Partially cloudy,Partly cloudy throughout the day.,partly-cloudy-day,"43296099999,VOBG,42705699999,VOBL,43302599999,43295099999"
bangalore,19/10/2016,30.3,17.5,24.6,29.6,17.5,24.4,14.3,56.3,0,0,0,,0,0,25.6,103.9,18.5,1012.9,24.3,7.5,275,23.7,10,,2016-10-19T06:10:26,2016-10-19T17:58:28,0.61,Partially cloudy,Partly cloudy throughout the day.,wind,"43296099999,VOBG,42705699999,VOBL,43302599999,43295099999"
bangalore,20/10/2016,30,18.5,24.5,29.4,18.5,24.3,13.8,53.6,0,0,0,,0,0,24.8,11,17.7,1012.7,32.6,7.2,268.8,23.2,9,,2016-10-20T06:10:36,2016-10-20T17:57:57,0.64,Partially cloudy,Partly cloudy throughout the day.,partly-cloudy-day,"43296099999,VOBG,42705699999,VOBL,43302599999,43295099999"
bangalore,21/10/2016,30.3,17,24.1,29,17,23.8,13.5,54.9,0,0,0,,0,0,26.6,9.5,45.7,1012.9,25.9,6.4,264.7,22.8,10,,2016-10-21T06:10:46,2016-10-21T17:57:27,0.67,Partially cloudy,Partly cloudy throughout the day.,partly-cloudy-day,"43296099999,VOBG,42705699999,VOBL,43302599999,43295099999"
bangalore,22/10/2016,29.9,17,24,28.7,17,23.8,13.6,56.1,0,0,0,,0,0,28.1,11.2,356.2,1014.1,34.1,6.6,270.9,23.2,10,,2016-10-22T06:10:57,2016-10-22T17:56:58,0.71,Partially cloudy,Partly cloudy throughout the day.,partly-cloudy-day,"43296099999,VOBG,42705699999,VOBL,43302599999,43295099999"
bangalore,23/10/2016,28.1,17,23.1,27.5,17,23,12.8,54.7,0,0,0,,0,0,25.9,11,4.3,1015.1,24.9,6.9,260.2,22.3,9,,2016-10-23T06:11:08,2016-10-23T17:56:29,0.75,Partially cloudy,Partly cloudy throughout the day.,partly-cloudy-day,"43296099999,VOBG,42705699999,VOBL,43302599999,43295099999"
bangalore,24/10/2016,30,17,23.8,28.9,17,23.6,12.8,53,0,0,0,,0,0,25.2,14.5,336.7,1014.7,27,6.9,258.3,22.3,10,,2016-10-24T06:11:20,2016-10-24T17:56:02,0.78,Partially cloudy,Partly cloudy throughout the day.,partly-cloudy-day,"43296099999,VOBG,42705699999,VOBL,43302599999,43295099999"
bangalore,25/10/2016,30,18.5,24.5,29.1,18.5,24.3,13.5,52.3,0,0,0,,0,0,48.2,9.3,24.5,1013.8,49.5,6.2,256.9,22.1,9,,2016-10-25T06:11:33,2016-10-25T17:55:35,0.81,Partially cloudy,Partly cloudy throughout the day.,partly-cloudy-day,"43296099999,VOBG,42705699999,VOBL,43302599999,43295099999"
bangalore,26/10/2016,29.9,17.9,24,28.9,17.9,23.8,13.3,53.4,0,0,0,,0,0,24.5,11,63.1,1014,26.8,6.5,259.5,22.5,9,,2016-10-26T06:11:46,2016-10-26T17:55:09,0.85,Partially cloudy,Partly cloudy throughout the day.,partly-cloudy-day,"43296099999,VOBG,42705699999,VOBL,43302599999,43295099999"
bangalore,27/10/2016,30,17.5,24.2,29.1,17.5,24,13.2,53,0,0,0,,0,0,27.7,14.5,19.6,1015.2,18.1,7,217.9,18.9,8,,2016-10-27T06:12:00,2016-10-27T17:54:44,0.88,Clear,Clear conditions throughout the day.,clear-day,"43296099999,VOBG,42705699999,VOBL,43302599999,43295099999"
bangalore,28/10/2016,30.9,18.5,24.8,29.6,18.5,24.5,10.9,43.4,0,0,0,,0,0,25.2,11.1,10.5,1014.5,34.9,7.6,228,19.7,8,,2016-10-28T06:12:14,2016-10-28T17:54:20,0.92,Partially cloudy,Partly cloudy throughout the day.,partly-cloudy-day,"43296099999,VOBG,42705699999,VOBL,43302599999,43295099999"
bangalore,29/10/2016,31,18,25.1,29.6,18,24.6,11.6,45.5,0,0,0,,0,0,28.8,11.2,345.7,1014.5,38.9,7.5,243.9,21,9,,2016-10-29T06:12:29,2016-10-29T17:53:57,0.95,Partially cloudy,Partly cloudy throughout the day.,partly-cloudy-day,"43296099999,VOBG,42705699999,VOBL,43302599999,43295099999"
bangalore,30/10/2016,30.1,20.5,24.8,29.8,20.5,24.9,17.6,66.7,0.1,100,4.17,rain,0,0,31.3,14.7,64.3,1014.9,47.1,7.4,208.1,17.9,8,,2016-10-30T06:12:45,2016-10-30T17:53:35,0,"Rain, Partially cloudy",Partly cloudy throughout the day with morning rain.,rain,"43296099999,VOBG,42705699999,VOBL,43302599999,43295099999"
bangalore,31/10/2016,29.9,19.5,24.4,30.3,19.5,24.5,18.3,71.2,0.4,100,16.67,rain,0,0,32.8,17.8,86.5,1016.8,53.7,6.9,192.3,16.5,7,,2016-10-31T06:13:01,2016-10-31T17:53:13,0.02,"Rain, Partially cloudy",Partly cloudy throughout the day with rain.,rain,"43296099999,VOBG,42705699999,VOBL,43302599999,43295099999"
bangalore,01/11/2016,29.8,20.9,24,30.7,20.9,24.2,18.7,74.2,1.024,100,8.33,rain,0,0,46.4,17.9,79.5,1016.4,65.5,7.3,173.6,15,7,,2016-11-01T06:13:18,2016-11-01T17:52:53,0.05,"Rain, Partially cloudy",Partly cloudy throughout the day with rain.,rain,"43296099999,43272099999,VOBG,42705699999,VOBL,43302599999,43295099999"
bangalore,02/11/2016,29,19,23.7,29.2,19,23.8,18,72.3,1.2,100,16.67,rain,0,0,37.4,18.2,64.6,1015.8,51.1,7,198.9,17,7,,2016-11-02T06:13:36,2016-11-02T17:52:34,0.09,"Rain, Partially cloudy",Partly cloudy throughout the day with rain.,rain,"43296099999,VOBG,42705699999,VOBL,43302599999,43295099999"
bangalore,03/11/2016,30,20,24.8,30,20,24.8,17.4,66.8,0,0,0,,0,0,36.4,18.3,50.7,1015.3,40.3,7.1,227.3,19.6,8,,2016-11-03T06:13:54,2016-11-03T17:52:15,0.12,Partially cloudy,Partly cloudy throughout the day.,partly-cloudy-day,"43296099999,VOBG,42705699999,VOBL,43302599999,43295099999"
bangalore,04/11/2016,30.4,19,24.8,29.5,19,24.6,15.3,59.8,0,0,0,,0,0,32.4,14.8,339.6,1014.1,25.9,7,244.8,21.1,9,,2016-11-04T06:14:13,2016-11-04T17:51:58,0.15,Partially cloudy,Partly cloudy throughout the day.,partly-cloudy-day,"43296099999,VOBG,42705699999,VOBL,43302599999,43295099999"
bangalore,05/11/2016,30.3,18.5,24.5,29.1,18.5,24.2,12.9,50.9,0,0,0,,0,0,32,18.3,298.9,1014.1,24.5,7.6,252.8,22,9,,2016-11-05T06:14:32,2016-11-05T17:51:42,0.19,Partially cloudy,Partly cloudy throughout the day.,partly-cloudy-day,"43296099999,VOBG,42705699999,VOBL,43302599999,43295099999"
bangalore,06/11/2016,30.3,17,23.8,29,17,23.5,11.9,49.7,0,0,0,,0,0,27,12.8,303.2,1014.8,28.3,8,262.8,22.6,9,,2016-11-06T06:14:52,2016-11-06T17:51:27,0.22,Partially cloudy,Partly cloudy throughout the day.,partly-cloudy-day,"43296099999,VOBG,42705699999,VOBL,43302599999,43295099999"
bangalore,07/11/2016,29.9,17.5,23.7,28.7,17.5,23.5,12.5,51.9,0,0,0,,0,0,29.5,12.8,17,1016.1,31.3,7.2,224.9,19.3,8,,2016-11-07T06:15:13,2016-11-07T17:51:13,0.25,Partially cloudy,Partly cloudy throughout the day.,partly-cloudy-day,"43296099999,VOBG,42705699999,VOBL,43302599999,43295099999"
bangalore,08/11/2016,29.9,16,23.2,28.5,16,22.9,11.6,52.5,0,0,0,,0,0,90.7,14.4,54.2,1016.5,12.9,6.7,263.2,22.7,9,,2016-11-08T06:15:34,2016-11-08T17:51:00,0.25,Clear,Clear conditions throughout the day.,clear-day,"43296099999,VOBG,42705699999,VOBL,43302599999,43295099999"
bangalore,09/11/2016,28,15.5,22.1,27.1,15.5,22,11.8,57.4,0,0,0,,0,0,48.2,14.6,73,1017.2,21.5,6.6,264.5,22.9,9,,2016-11-09T06:15:56,2016-11-09T17:50:48,0.32,Partially cloudy,Partly cloudy throughout the day.,partly-cloudy-day,"43296099999,VOBG,42705699999,VOBL,43302599999,43295099999"
bangalore,10/11/2016,28,14,22.1,27.1,14,21.9,10.8,52.9,0,0,0,,0,0,24.1,11,62.4,1016.8,8.6,6.4,262.3,22.6,9,,2016-11-10T06:16:19,2016-11-10T17:50:37,0.35,Clear,Clear conditions throughout the day.,clear-day,"43296099999,VOBG,42705699999,VOBL,43302599999,43295099999"
bangalore,11/11/2016,29,15,22.2,27.9,15,22.1,11.9,55.3,0,0,0,,0,0,20.9,10.8,98.2,1015.9,10.6,7.2,256.3,22.2,9,,2016-11-11T06:16:42,2016-11-11T17:50:27,0.39,Clear,Clear conditions throughout the day.,clear-day,"43296099999,VOBG,42705699999,VOBL,43302599999,43295099999"
bangalore,12/11/2016,29.9,17,23.5,29.3,17,23.4,14.9,61.6,0,0,0,,0,0,25.9,12.7,92.2,1016.3,21.8,6.1,213.7,18.5,8,,2016-11-12T06:17:06,2016-11-12T17:50:19,0.42,Partially cloudy,Partly cloudy throughout the day.,partly-cloudy-day,"43296099999,VOBG,42705699999,VOBL,43302599999,43295099999"
bangalore,13/11/2016,29.9,19,23.9,29.9,19,24,17,67.5,0.1,100,4.17,rain,0,0,30.2,14.8,88.9,1017.7,44.4,6.6,208.8,18,8,,2016-11-13T06:17:31,2016-11-13T17:50:11,0.46,"Rain, Partially cloudy",Partly cloudy throughout the day with late afternoon rain.,rain,"43296099999,VOBG,42705699999,VOBL,43302599999,43295099999"
bangalore,14/11/2016,29.3,21,24.1,30.1,21,24.3,18.3,72,0.4,100,8.33,rain,0,0,90.7,114.7,111.8,1017.4,45.6,7.5,199.4,17.2,8,,2016-11-14T06:17:56,2016-11-14T17:50:05,0.5,"Rain, Partially cloudy",Partly cloudy throughout the day with late afternoon rain.,rain,"43296099999,VOBG,42705699999,VOBL,43302599999,43295099999"
bangalore,15/11/2016,29.6,20,24.2,29.7,20,24.2,17.4,68.7,0,0,0,,0,0,31.7,18.1,94.2,1016.2,43.5,7.5,215.4,18.7,8,,2016-11-15T06:18:21,2016-11-15T17:50:00,0.52,Partially cloudy,Partly cloudy throughout the day.,partly-cloudy-day,"43296099999,VOBG,42705699999,VOBL,43302599999,43295099999"
bangalore,16/11/2016,30,18,24,29.9,18,24,17.1,68.6,0.1,100,4.17,rain,0,0,41,18.3,81.7,1016.6,41.3,7.7,210.8,18.2,8,,2016-11-16T06:18:47,2016-11-16T17:49:56,0.56,"Rain, Partially cloudy",Partly cloudy throughout the day with afternoon rain.,rain,"43296099999,VOBG,42705699999,VOBL,43302599999,43295099999"
bangalore,17/11/2016,29,20,23.9,29.1,20,24,17.7,71,0.3,100,12.5,rain,0,0,51.8,22.1,77.7,1016.6,54.8,6.2,179.1,15.4,7,,2016-11-17T06:19:14,2016-11-17T17:49:53,0.59,"Rain, Partially cloudy",Partly cloudy throughout the day with rain in the morning and afternoon.,rain,"43296099999,VOBG,42705699999,VOBL,43302599999,43295099999"
bangalore,18/11/2016,28.9,18.5,23.2,28.3,18.5,23.1,15.7,66.4,0,0,0,,0,0,39.6,18.2,70.8,1015.8,45.4,5.9,249.9,21.6,9,,2016-11-18T06:19:41,2016-11-18T17:49:51,0.62,Partially cloudy,Clearing in the afternoon.,partly-cloudy-day,"43296099999,VOBG,42705699999,VOBL,43302599999,43295099999"
bangalore,19/11/2016,28,18,22.7,27.3,18,22.5,14,63,0,0,0,,0,0,33.5,18.2,76.7,1012.1,34.6,6.3,241.1,21,9,,2016-11-19T06:20:09,2016-11-19T17:49:50,0.66,Partially cloudy,Partly cloudy throughout the day.,partly-cloudy-day,"43296099999,VOBG,42705699999,VOBL,43302599999,43295099999"
bangalore,20/11/2016,29.9,17.5,22.8,28.9,17.5,22.7,14.8,65.3,0,0,0,,0,0,31.3,14.5,82.4,1015.1,26.1,6.3,244.6,21.1,9,,2016-11-20T06:20:37,2016-11-20T17:49:51,0.69,Partially cloudy,Partly cloudy throughout the day.,partly-cloudy-day,"43296099999,VOBG,42705699999,VOBL,43302599999,43295099999"
bangalore,21/11/2016,29.3,16,22.5,27.7,16,22.2,11.1,55.1,0,0,0,,0,0,33.5,20.3,79.6,1015.3,37.2,7.1,247.9,21.5,9,,2016-11-21T06:21:06,2016-11-21T17:49:53,0.75,Partially cloudy,Partly cloudy throughout the day.,partly-cloudy-day,"43296099999,43272099999,VOBG,42705699999,VOBL,43302599999,43295099999"
bangalore,22/11/2016,30,14,22.5,28.2,14,22,8.7,50.1,0,0,0,,0,0,29.9,11.4,72.7,1015.1,37.1,7.6,239.2,20.7,9,,2016-11-22T06:21:35,2016-11-22T17:49:55,0.76,Partially cloudy,Becoming cloudy in the afternoon.,partly-cloudy-day,"43296099999,VOBG,42705699999,VOBL,43302599999,43295099999"
bangalore,23/11/2016,30.1,13.5,22.5,28.6,13.5,22.1,10.1,51.3,0,0,0,,0,0,48.2,17.8,93.9,1015,21.8,7.4,252.3,21.7,9,,2016-11-23T06:22:05,2016-11-23T17:49:59,0.79,Partially cloudy,Partly cloudy throughout the day.,partly-cloudy-day,"43296099999,VOBG,42705699999,VOBL,43302599999,43295099999"
bangalore,24/11/2016,29.9,14.5,21.9,28.2,14.5,21.6,9.8,52.9,0,0,0,,0,0,30.2,14.4,83.6,1016.1,11.5,6.6,257.4,22.1,9,,2016-11-24T06:22:35,2016-11-24T17:50:04,0.82,Clear,Clear conditions throughout the day.,clear-day,"43296099999,VOBG,42705699999,VOBL,43302599999,43295099999"
bangalore,25/11/2016,30.1,14,21.9,28.3,14,21.5,8.3,49.8,0,0,0,,0,0,36.4,18.3,72.5,1015.3,6.3,7.7,261.9,22.5,9,,2016-11-25T06:23:05,2016-11-25T17:50:11,0.86,Clear,Clear conditions throughout the day.,clear-day,"43296099999,VOBG,42705699999,VOBL,43302599999,43295099999"
bangalore,26/11/2016,30.6,13,21.8,28.6,13,21.3,7.8,49.1,0,0,0,,0,0,33.5,13,54.5,1016.2,31.4,6.7,257.3,22.2,9,,2016-11-26T06:23:36,2016-11-26T17:50:18,0.89,Partially cloudy,Becoming cloudy in the afternoon.,partly-cloudy-day,"43296099999,VOBG,42705699999,VOBL,43302599999,43295099999"
bangalore,27/11/2016,31.1,11.5,21.2,29.1,11.5,20.8,7.8,50.7,0,0,0,,0,0,30.6,11.2,49.5,1016.6,12.7,6.3,253.5,21.9,9,,2016-11-27T06:24:07,2016-11-27T17:50:26,0.92,Clear,Clear conditions throughout the day.,clear-day,"43296099999,42705699999,VOBL,43295099999"
bangalore,28/11/2016,31.3,12,22.4,29.3,12,21.9,7.5,43.7,0,0,0,,0,0,29.2,14.9,49.8,1016.1,38,7,251.3,21.7,9,,2016-11-28T06:24:39,2016-11-28T17:50:36,0.96,Partially cloudy,Partly cloudy throughout the day.,partly-cloudy-day,"43296099999,43272099999,VOBG,42705699999,VOBL,43302599999,43295099999"
bangalore,29/11/2016,29,12.5,21.8,27.4,12.5,21.5,9.2,49.3,0,0,0,,0,0,27.7,11.2,63.4,1016.8,26.1,6.8,232.6,20.2,9,,2016-11-29T06:25:11,2016-11-29T17:50:46,0,Partially cloudy,Partly cloudy throughout the day.,partly-cloudy-day,"43296099999,VOBG,42705699999,VOBL,43302599999,43295099999"
bangalore,30/11/2016,28.9,12.5,21,27.5,12.5,20.8,10,54.8,0,0,0,,0,0,32.4,18.4,41.1,1017.1,31.9,6.7,208.2,18,8,,2016-11-30T06:25:43,2016-11-30T17:50:58,0.03,Partially cloudy,Partly cloudy throughout the day.,partly-cloudy-day,"43296099999,VOBG,42705699999,VOBL,43302599999,43295099999"
bangalore,01/12/2016,26.1,14.5,20.7,26.1,14.5,20.7,13.2,64.5,4.16,100,8.33,rain,0,0,49.7,14.9,34.6,1015.6,49.4,6.6,175.3,15.1,7,,2016-12-01T06:26:15,2016-12-01T17:51:11,0.06,"Rain, Partially cloudy",Partly cloudy throughout the day with late afternoon rain.,rain,"43296099999,VOBG,42705699999,VOBL,43302599999,43295099999"
bangalore,02/12/2016,26.2,18,20.4,26.2,18,20.4,18.4,88.7,2.401,100,12.5,rain,0,0,39.2,18.3,59.2,1015.4,90.9,4.7,117.8,10.2,5,,2016-12-02T06:26:48,2016-12-02T17:51:25,0.1,"Rain, Overcast",Cloudy skies throughout the day with rain.,rain,"43296099999,VOBG,42705699999,VOBL,43302599999,43295099999"
bangalore,03/12/2016,24,19,20.9,24,19,20.9,18.9,88.8,1.7,100,41.67,rain,0,0,43.9,18.2,92.3,1017.2,79.7,5.8,126.2,10.9,5,,2016-12-03T06:27:20,2016-12-03T17:51:40,0.13,"Rain, Partially cloudy",Partly cloudy throughout the day with a chance of rain throughout the day.,rain,"43296099999,VOBG,42705699999,VOBL,43302599999,43295099999"
bangalore,04/12/2016,27.9,19,22.6,28.3,19,22.7,18,77.8,0.008,100,4.17,rain,0,0,33.5,14.7,93.2,1018.6,63.9,6.4,170.8,14.8,7,,2016-12-04T06:27:53,2016-12-04T17:51:55,0.16,"Rain, Partially cloudy",Partly cloudy throughout the day with late afternoon rain.,rain,"43296099999,VOBG,42705699999,VOBL,43302599999,43295099999"
bangalore,05/12/2016,27.9,19,23.3,28.5,19,23.4,17.6,72.4,0.3,100,12.5,rain,0,0,32.4,18.1,72.4,1017.4,44.2,8.1,188.2,16.4,7,,2016-12-05T06:28:26,2016-12-05T17:52:12,0.2,"Rain, Partially cloudy",Partly cloudy throughout the day with afternoon rain.,rain,"43296099999,VOBG,42705699999,VOBL,43302599999,43295099999"
bangalore,06/12/2016,27.1,18,21.9,27,18,21.9,15.2,69.1,0,0,0,,0,0,32,14.8,64.7,1016.5,53.9,6,221.6,19.1,8,,2016-12-06T06:28:59,2016-12-06T17:52:30,0.23,Partially cloudy,Partly cloudy throughout the day.,partly-cloudy-day,"43296099999,VOBG,42705699999,VOBL,43302599999,43295099999"
bangalore,07/12/2016,26.9,14.5,21.2,26.9,14.5,21.2,14.2,67.3,0,0,0,,0,0,33.8,18.2,90,1016.5,37.7,7.1,232.6,20.1,8,,2016-12-07T06:29:32,2016-12-07T17:52:49,0.25,Partially cloudy,Becoming cloudy in the afternoon.,partly-cloudy-day,"43296099999,VOBG,42705699999,VOBL,43302599999,43295099999"
bangalore,08/12/2016,27.9,17,22.2,27.8,17,22.2,15.5,68.9,0,0,0,,0,0,25.9,14.6,38.3,1016.4,37.6,6.9,180.4,15.6,8,,2016-12-08T06:30:05,2016-12-08T17:53:09,0.3,Partially cloudy,Partly cloudy throughout the day.,partly-cloudy-day,"43296099999,VOBG,42705699999,VOBL,43302599999,43295099999"
bangalore,09/12/2016,29.3,15,22.4,28,15,22.2,10.4,50.7,0,0,0,,0,0,28.1,14.6,329.9,1014.8,31.1,7.7,245.3,21.2,9,,2016-12-09T06:30:38,2016-12-09T17:53:29,0.34,Partially cloudy,Partly cloudy throughout the day.,partly-cloudy-day,"43296099999,VOBG,42705699999,VOBL,43302599999,43295099999"
bangalore,10/12/2016,26.9,12.5,20.1,26.2,12.5,20.1,6.6,45.1,0,0,0,,0,0,32.4,14.8,343,1014.2,29.5,7.3,242.2,21,8,,2016-12-10T06:31:11,2016-12-10T17:53:51,0.37,Partially cloudy,Partly cloudy throughout the day.,partly-cloudy-day,"43296099999,VOBG,42705699999,VOBL,43302599999,43295099999"
bangalore,11/12/2016,27.9,12,20.6,27.1,12,20.5,8.1,47.6,0,0,0,,0,0,27.4,12.9,331,1013.2,28,7.5,240.8,20.6,9,,2016-12-11T06:31:44,2016-12-11T17:54:13,0.41,Partially cloudy,Partly cloudy throughout the day.,partly-cloudy-day,"43296099999,VOBG,42705699999,VOBL,43302599999,43295099999"
bangalore,12/12/2016,24.9,18,21.1,24.9,18,21.1,13,62.4,18.561,100,8.33,rain,0,0,42.8,18.5,313.8,1011.7,80.6,5.4,147.8,12.8,6,,2016-12-12T06:32:17,2016-12-12T17:54:36,0.44,"Rain, Partially cloudy",Partly cloudy throughout the day with late afternoon rain.,rain,"43296099999,VOBG,42705699999,VOBL,43302599999,43295099999"
bangalore,13/12/2016,19.1,18,18.7,19.1,18,18.7,18,95.6,35.602,100,12.5,rain,0,0,56.2,27.7,61.3,1010.5,99.9,3.1,22.7,1.9,1,,2016-12-13T06:32:50,2016-12-13T17:55:00,0.47,"Rain, Overcast",Cloudy skies throughout the day with rain clearing later.,rain,"43296099999,VOBG,42705699999,VOBL,43302599999,43295099999"
bangalore,14/12/2016,25.8,19,21.1,25.8,19,21.1,19,88.5,1.5,100,25,rain,0,0,36,14.9,94,1015,92.8,4.7,133.6,11.4,6,,2016-12-14T06:33:22,2016-12-14T17:55:25,0.5,"Rain, Overcast",Cloudy skies throughout the day with rain.,rain,"43296099999,VOBG,42705699999,VOBL,43302599999,43295099999"
bangalore,15/12/2016,26.9,18,21.7,27.2,18,21.7,16.2,73.2,0,0,0,,0,0,30.2,15,88.1,1016.5,38,7.4,208.1,18,8,,2016-12-15T06:33:55,2016-12-15T17:55:51,0.54,Partially cloudy,Partly cloudy throughout the day.,partly-cloudy-day,"43296099999,VOBG,42705699999,VOBL,43302599999,43295099999"
bangalore,16/12/2016,25.9,18,20.9,25.9,18,20.9,17.6,82.5,0.292,100,4.17,rain,0,0,33.5,16.5,77,1017.8,49.8,6.5,167.4,14.5,7,,2016-12-16T06:34:27,2016-12-16T17:56:17,0.57,"Rain, Partially cloudy",Partly cloudy throughout the day with morning rain.,rain,"43296099999,VOBG,42705699999,VOBL,43302599999,43295099999"
bangalore,17/12/2016,27.4,17,21.8,27.8,17,21.9,15.9,72.1,0,0,0,,0,0,32,16.4,78.5,1018.1,35,6.9,194.6,16.9,8,,2016-12-17T06:34:58,2016-12-17T17:56:44,0.61,Partially cloudy,Partly cloudy throughout the day.,partly-cloudy-day,"43296099999,VOBG,42705699999,VOBL,43302599999,43295099999"
bangalore,18/12/2016,28.8,16,21.7,28.1,16,21.7,14.1,66.1,0,0,0,,0,0,31.3,17.7,57.3,1017.8,23.2,6.9,232.9,20,8,,2016-12-18T06:35:30,2016-12-18T17:57:12,0.64,Partially cloudy,Becoming cloudy in the afternoon.,partly-cloudy-day,"43296099999,VOBG,42705699999,VOBL,43302599999,43295099999"
bangalore,19/12/2016,28.9,14,21.6,27.9,14,21.4,13.1,63.8,0,0,0,,0,0,33.5,14.9,64.7,1017.6,9.5,6.9,243,21,9,,2016-12-19T06:36:01,2016-12-19T17:57:40,0.67,Clear,Clear conditions throughout the day.,clear-day,"43296099999,VOBG,42705699999,VOBL,43302599999,43295099999"
bangalore,20/12/2016,27,13.5,20.9,27.6,13.5,20.9,15.1,72.7,0,0,0,,0,0,30.6,21.8,89.3,1017.3,30.6,7.1,241.9,20.8,9,,2016-12-20T06:36:31,2016-12-20T17:58:09,0.71,Partially cloudy,Partly cloudy throughout the day.,partly-cloudy-day,"43296099999,VOBG,42705699999,VOBL,43302599999,43295099999"
bangalore,21/12/2016,29,17.5,22.6,28.6,17.5,22.5,15.7,68.8,0,0,0,,0,0,22,12.8,96.3,1018.1,29.7,6.7,238,20.6,9,,2016-12-21T06:37:01,2016-12-21T17:58:39,0.75,Partially cloudy,Clearing in the afternoon.,partly-cloudy-day,"43296099999,VOBG,42705699999,VOBL,43302599999,43295099999"
bangalore,22/12/2016,29.9,15,22.5,28.2,15,22.2,10.8,54.8,0,0,0,,0,0,26.3,11.3,30,1017.5,11.9,7.1,249.3,21.4,9,,2016-12-22T06:37:31,2016-12-22T17:59:09,0.77,Clear,Clear conditions throughout the day.,clear-day,"43296099999,VOBG,42705699999,VOBL,43302599999,43295099999"
bangalore,23/12/2016,29.3,12,21.2,27.8,12,20.9,8.3,50.5,0,0,0,,0,0,25.9,11.3,39.2,1015.8,3.6,6.4,250.7,21.6,9,,2016-12-23T06:38:00,2016-12-23T17:59:39,0.8,Clear,Clear conditions throughout the day.,clear-day,"43296099999,VOBG,42705699999,VOBL,43302599999,43295099999"
bangalore,24/12/2016,28.9,11,20.8,27.4,11,20.4,7.7,50.6,0,0,0,,0,0,25.9,11.3,58.9,1014.5,17.8,7.1,250.4,21.5,9,,2016-12-24T06:38:29,2016-12-24T18:00:10,0.84,Clear,Clear conditions throughout the day.,clear-day,"43296099999,VOBG,42705699999,VOBL,43302599999,43295099999"
bangalore,25/12/2016,27.6,11,19.5,27.2,11,19.4,12.6,68.1,0,0,0,,0,0,20.5,12.4,97.7,1015.7,19.3,4.5,246.7,21.2,9,,2016-12-25T06:38:57,2016-12-25T18:00:42,0.87,Clear,Clear conditions throughout the day.,clear-day,"43296099999,VOBG,42705699999,VOBL,43302599999,43295099999"
bangalore,26/12/2016,29,12.5,21.3,27.4,12.5,21,10,56.2,0,0,0,,0,0,31.3,13,48.3,1015.9,0.1,5.8,249.9,21.6,9,,2016-12-26T06:39:25,2016-12-26T18:01:14,0.9,Clear,Clear conditions throughout the day.,clear-day,"43296099999,VOBG,42705699999,VOBL,43302599999,43295099999"
bangalore,27/12/2016,29,11.5,21.1,27.5,11.5,20.8,8.6,50.3,0,0,0,,0,0,37.8,16.3,71.1,1016.1,0,6.5,252.3,21.9,9,,2016-12-27T06:39:52,2016-12-27T18:01:46,0.93,Clear,Clear conditions throughout the day.,clear-day,"43296099999,VOBG,42705699999,VOBL,43302599999,43295099999"
bangalore,28/12/2016,27.7,13,20.9,27.7,13,20.9,13.4,64.2,0,0,0,,0,0,33.8,18.3,92.5,1016.6,11.3,7.5,243.8,20.9,9,,2016-12-28T06:40:18,2016-12-28T18:02:19,0.97,Clear,Clear conditions throughout the day.,clear-day,"43296099999,VOBG,42705699999,VOBL,43302599999,43295099999"
bangalore,29/12/2016,27,14,20.2,26.4,14,20.2,12.1,64.6,0,0,0,,0,0,30.6,15.9,88.1,1017,5.3,5.7,251.7,21.7,9,,2016-12-29T06:40:43,2016-12-29T18:02:51,0,Clear,Clear conditions throughout the day.,clear-day,"43296099999,VOBG,42705699999,VOBL,43302599999,43295099999"
bangalore,30/12/2016,26,13.5,19.7,26,13.5,19.7,13,69.4,0,0,0,,0,0,32.4,18,90.1,1017.8,10.7,5.4,250.9,21.6,9,,2016-12-30T06:41:08,2016-12-30T18:03:25,0.03,Clear,Clear conditions throughout the day.,clear-day,"43296099999,VOBG,42705699999,VOBL,43302599999,43295099999"
bangalore,31/12/2016,26,12.5,19.7,26,12.5,19.7,11.9,65.2,0,0,0,,0,0,33.1,14.7,88.2,1016.9,9.3,5.4,252.9,21.9,9,,2016-12-31T06:41:32,2016-12-31T18:03:58,0.07,Clear,Clear conditions throughout the day.,clear-day,"43296099999,VOBG,42705699999,VOBL,43302599999,43295099999"
bangalore,01/01/2017,26.3,11.5,19.6,26.3,11.5,19.6,12.8,68.9,0,0,0,,0,0,28.8,18.1,108.7,1017,26,6.2,246.9,21.4,9,,2017-01-01T06:41:55,2017-01-01T18:04:31,0.11,Partially cloudy,Clearing in the afternoon.,partly-cloudy-day,"43296099999,VOBG,42705699999,VOBL,43302599999,43295099999"
bangalore,02/01/2017,27,15.5,21.7,26.9,15.5,21.6,13.9,65.2,0,0,0,,0,0,24.5,9.4,69,1017.5,41.2,7.2,227.6,19.7,8,,2017-01-02T06:42:17,2017-01-02T18:05:04,0.14,Partially cloudy,Partly cloudy throughout the day.,partly-cloudy-day,"43296099999,VOBG,42705699999,VOBL,43302599999,43295099999"
bangalore,03/01/2017,28.9,14,21.6,27.7,14,21.4,11.1,56.8,0,0,0,,0,0,30.2,14.7,61.2,1017.2,5.5,7.6,248,21.5,9,,2017-01-03T06:42:39,2017-01-03T18:05:38,0.18,Clear,Clear conditions throughout the day.,clear-day,"43296099999,VOBG,42705699999,VOBL,43302599999,43295099999"
bangalore,04/01/2017,28,14,21.2,27.2,14,21.1,11.9,59.5,0,0,0,,0,0,25.6,14.5,75.2,1016.7,17.2,6.6,245.5,21.3,9,,2017-01-04T06:43:00,2017-01-04T18:06:12,0.21,Clear,Clear conditions throughout the day.,clear-day,"43296099999,VOBG,42705699999,VOBL,43302599999,43295099999"
bangalore,05/01/2017,27.9,13.5,21,27.3,13.5,20.9,12.6,63.7,0,0,0,,0,0,29.5,14.2,64.9,1016.1,15.9,6.8,249.3,21.4,9,,2017-01-05T06:43:20,2017-01-05T18:06:46,0.25,Clear,Clear conditions throughout the day.,clear-day,"43296099999,VOBG,42705699999,VOBL,43302599999,43295099999"
bangalore,06/01/2017,28,13,20.7,27,13,20.6,11.9,62.9,0,0,0,,0,0,23,14.5,70.7,1015.6,21.2,6.1,249.7,21.6,9,,2017-01-06T06:43:39,2017-01-06T18:07:20,0.25,Partially cloudy,Clearing in the afternoon.,partly-cloudy-day,"43296099999,VOBG,42705699999,VOBL,43302599999,43295099999"
bangalore,07/01/2017,27.9,13.5,20.4,27.4,13.5,20.4,13.6,68.4,0,0,0,,0,0,24.1,9.3,96.9,1014.6,18.7,5.1,245.4,21.2,9,,2017-01-07T06:43:57,2017-01-07T18:07:54,0.32,Clear,Clear conditions throughout the day.,clear-day,"43296099999,VOBG,42705699999,VOBL,43302599999,43295099999"
bangalore,08/01/2017,27,15,20.5,26.7,15,20.5,13.6,68.7,0,0,0,,0,0,29.5,17.9,97.7,1014,27.6,5,249.1,21.5,9,,2017-01-08T06:44:14,2017-01-08T18:08:28,0.35,Partially cloudy,Clearing in the afternoon.,partly-cloudy-day,"43296099999,VOBG,42705699999,VOBL,43302599999,43295099999"
bangalore,09/01/2017,26.8,14.5,20.5,26.7,14.5,20.5,12,62.8,0,0,0,,0,0,27.4,11.1,105.6,1014.6,19.8,6.9,246.8,21.3,9,,2017-01-09T06:44:30,2017-01-09T18:09:02,0.39,Clear,Clear conditions throughout the day.,clear-day,"43296099999,VOBG,42705699999,VOBL,43302599999,43295099999"
bangalore,10/01/2017,27.9,13.5,21.3,27.2,13.5,21.2,12.6,61.2,0,0,0,,0,0,23,9.2,107.8,1014.9,32.4,5.9,212.8,18.3,9,,2017-01-10T06:44:45,2017-01-10T18:09:36,0.42,Partially cloudy,Partly cloudy throughout the day.,partly-cloudy-day,"43296099999,VOBG,42705699999,VOBL,43302599999,43295099999"
bangalore,11/01/2017,27.6,16,21.8,27.4,16,21.8,13.6,62.4,0,0,0,,0,0,25.2,11.1,145.6,1015.2,34.1,5.9,196.3,16.9,8,,2017-01-11T06:45:00,2017-01-11T18:10:10,0.46,Partially cloudy,Partly cloudy throughout the day.,partly-cloudy-day,"43296099999,VOBG,42705699999,VOBL,43302599999,43295099999"
bangalore,12/01/2017,27.2,15.5,21.4,27.2,15.5,21.4,13.8,64.9,0,0,0,,0,0,26.3,14.5,108.7,1014.6,45.1,6.2,180,15.4,7,,2017-01-12T06:45:13,2017-01-12T18:10:43,0.5,Partially cloudy,Becoming cloudy in the afternoon.,partly-cloudy-day,"43296099999,43272099999,VOBG,42705699999,VOBL,43302599999,43295099999"
bangalore,13/01/2017,27.2,17,21.1,27.4,17,21.1,15,70.9,0,0,0,,0,0,29.5,14.7,105.7,1014.9,48.2,5.6,189.8,16.3,8,,2017-01-13T06:45:25,2017-01-13T18:11:17,0.53,Partially cloudy,Partly cloudy throughout the day.,partly-cloudy-day,"43296099999,VOBG,42705699999,VOBL,43302599999,43295099999"
bangalore,14/01/2017,25,17,20.6,25,17,20.6,13.1,64.2,0,0,0,,0,0,31.7,18.4,105.2,1016.3,31.9,6.1,182.6,15.9,7,,2017-01-14T06:45:36,2017-01-14T18:11:50,0.56,Partially cloudy,Partly cloudy throughout the day.,partly-cloudy-day,"43296099999,VOBG,42705699999,VOBL,43302599999,43295099999"
bangalore,15/01/2017,26.9,14.9,20.2,26.7,14.9,20.1,12.8,66.3,0,0,0,,0,0,34.9,18,93,1018.1,26.9,6.8,237.6,20.6,9,,2017-01-15T06:45:47,2017-01-15T18:12:23,0.59,Partially cloudy,Partly cloudy throughout the day.,partly-cloudy-day,"43296099999,VOBG,42705699999,VOBL,43302599999,43295099999"
bangalore,16/01/2017,27,15.5,20.6,26.6,15.5,20.6,12.3,63.8,0,0,0,,0,0,44.6,13,82.9,1018.1,29.2,6.5,251.7,21.7,9,,2017-01-16T06:45:56,2017-01-16T18:12:55,0.62,Partially cloudy,Clearing in the afternoon.,partly-cloudy-day,"43296099999,VOBG,42705699999,VOBL,43302599999,43295099999"
bangalore,17/01/2017,27.6,13.5,20.3,26.6,13.5,20.2,9.8,57.9,0,0,0,,0,0,32.8,14.9,79.3,1017.7,8.8,6.4,258.6,22.3,9,,2017-01-17T06:46:04,2017-01-17T18:13:28,0.65,Clear,Clear conditions throughout the day.,clear-day,"43296099999,VOBG,42705699999,VOBL,43302599999,43295099999"
bangalore,18/01/2017,26.9,12,19.4,26.6,12,19.4,11.4,63.3,0,0,0,,0,0,35.6,18.4,84,1018.4,16.4,6.5,266.7,22.8,9,,2017-01-18T06:46:11,2017-01-18T18:14:00,0.69,Clear,Clear conditions throughout the day.,clear-day,"43296099999,VOBG,42705699999,VOBL,43302599999,43295099999"
bangalore,19/01/2017,26,13,19.7,26,13,19.7,13.2,69.6,0,0,0,,0,0,40.7,23.9,91.2,1018.5,38,6.8,242.4,20.9,9,,2017-01-19T06:46:17,2017-01-19T18:14:31,0.72,Partially cloudy,Partly cloudy throughout the day.,partly-cloudy-day,"43296099999,VOBG,42705699999,VOBL,43302599999,43295099999"
bangalore,20/01/2017,27,14,21,27.4,14,21,14.9,70.9,0,0,0,,0,0,36.4,18.5,81.7,1018.2,28.1,5.9,229,19.9,9,,2017-01-20T06:46:21,2017-01-20T18:15:02,0.75,Partially cloudy,Partly cloudy throughout the day.,partly-cloudy-day,"43296099999,VOBG,42705699999,VOBL,43302599999,43295099999"
bangalore,21/01/2017,25,18.4,21.7,25,18.4,21.7,16.4,72.6,0.2,100,4.17,rain,0,0,45.7,22.4,79.1,1018.8,60.1,5.6,139.1,12,6,,2017-01-21T06:46:25,2017-01-21T18:15:33,0.78,"Rain, Partially cloudy",Partly cloudy throughout the day with late afternoon rain.,rain,"43296099999,VOBG,42705699999,VOBL,43302599999,43295099999"
bangalore,22/01/2017,29.9,16,22.4,28.6,16,22.1,10.5,50.7,0,0,0,,0,0,40.3,23.9,84.1,1020.1,22.8,7.8,221.9,19.2,8,,2017-01-22T06:46:28,2017-01-22T18:16:04,0.82,Partially cloudy,Partly cloudy throughout the day.,partly-cloudy-day,"43296099999,VOBG,42705699999,VOBL,43302599999,43295099999"
bangalore,23/01/2017,27.9,13.5,21.3,27.4,13.5,21.2,10.9,55.2,0,0,0,,0,0,42.8,25,74.1,1020,21.2,7.4,250.5,21.7,9,,2017-01-23T06:46:29,2017-01-23T18:16:34,0.85,Partially cloudy,Partly cloudy throughout the day.,partly-cloudy-day,"43296099999,VOBG,42705699999,VOBL,43302599999,43295099999"
bangalore,24/01/2017,29.1,14,21.7,28.1,14,21.6,12.5,60.2,0,0,0,,0,0,42.8,20.6,76.5,1018.8,6.4,7.1,257.6,22.1,9,,2017-01-24T06:46:29,2017-01-24T18:17:03,0.88,Clear,Clear conditions throughout the day.,clear-day,"43296099999,VOBG,42705699999,VOBL,43302599999,43295099999"
bangalore,25/01/2017,28.7,15,21.6,27.7,15,21.5,12.7,61.9,0,0,0,,0,0,39.2,22.5,88.5,1018.9,37.1,6.8,211,18.2,8,,2017-01-25T06:46:29,2017-01-25T18:17:32,0.91,Partially cloudy,Partly cloudy throughout the day.,partly-cloudy-day,"43296099999,VOBG,42705699999,VOBL,43302599999,43295099999"
bangalore,26/01/2017,25,17.9,21.2,25,17.9,21.2,17.1,78.2,0.108,100,8.33,rain,0,0,31.3,18,95.6,1018.5,62.8,4.8,124.6,10.7,6,,2017-01-26T06:46:27,2017-01-26T18:18:01,0.94,"Rain, Partially cloudy",Partly cloudy throughout the day with rain.,rain,"43296099999,VOBG,42705699999,VOBL,43302599999,43295099999"
bangalore,27/01/2017,24.1,20,21.8,24.1,20,21.8,19.1,85.4,5.8,100,29.17,rain,0,0,27.4,18.1,90.8,1017.2,63,6.1,105.8,9.3,4,,2017-01-27T06:46:24,2017-01-27T18:18:29,0.98,"Rain, Partially cloudy",Partly cloudy throughout the day with rain.,rain,"43296099999,VOBG,42705699999,VOBL,43302599999,43295099999"
bangalore,28/01/2017,26,20,22.4,26,20,22.4,18.8,81.4,0.9,100,25,rain,0,0,34.9,18.3,91.9,1017.3,60.1,6.4,171.3,14.6,6,,2017-01-28T06:46:20,2017-01-28T18:18:56,0,"Rain, Partially cloudy",Partly cloudy throughout the day with rain.,rain,"43296099999,VOBG,42705699999,VOBL,43302599999,43295099999"
bangalore,29/01/2017,28.9,19,23.5,29.3,19,23.6,17.8,73.3,0,0,0,,0,0,33.8,18.1,100.5,1017.9,47.6,7.3,240.4,20.7,9,,2017-01-29T06:46:15,2017-01-29T18:19:23,0.05,Partially cloudy,Partly cloudy throughout the day.,partly-cloudy-day,"43296099999,VOBG,42705699999,VOBL,43302599999,43295099999"
bangalore,30/01/2017,30.4,17.9,23.5,29.3,17.9,23.3,15.1,64.5,0,0,0,,0,0,33.5,16.6,89.3,1017.3,15.5,6.8,262.7,22.8,9,,2017-01-30T06:46:08,2017-01-30T18:19:50,0.08,Clear,Clear conditions throughout the day.,clear-day,"43296099999,VOBG,42705699999,VOBL,43302599999,43295099999"
bangalore,31/01/2017,31,17.5,23.6,29.4,17.5,23.2,13.1,59.3,0,0,0,,0,0,23.4,14.6,88.7,1016.8,16.2,6.9,266.2,22.9,9,,2017-01-31T06:46:01,2017-01-31T18:20:15,0.12,Clear,Clear conditions throughout the day.,clear-day,"43296099999,VOBG,42705699999,VOBL,43302599999,43295099999"
bangalore,01/02/2017,30,15,22.2,28.3,15,21.8,9.4,53.8,0,0,0,,0,0,26.3,16.5,99.3,1017.6,14.3,7,275.9,23.7,9,,2017-02-01T06:45:52,2017-02-01T18:20:41,0.15,Clear,Clear conditions throughout the day.,clear-day,"43296099999,VOBG,42705699999,VOBL,43302599999,43295099999"
bangalore,02/02/2017,30.9,13.5,22,29,13.5,21.6,8.9,50.8,0,0,0,,0,0,31.3,18.4,95,1018.7,8.1,7.6,278.7,24.1,10,,2017-02-02T06:45:43,2017-02-02T18:21:05,0.19,Clear,Clear conditions throughout the day.,clear-day,"43296099999,43272099999,VOBG,42705699999,VOBL,43302599999,43295099999"
bangalore,03/02/2017,28.9,15,21.7,27.8,15,21.5,12.2,60.3,0,0,0,,0,0,33.1,17.9,90.5,1018.5,5.5,7.1,272,23.7,9,,2017-02-03T06:45:32,2017-02-03T18:21:30,0.22,Clear,Clear conditions throughout the day.,clear-day,"43296099999,VOBG,42705699999,VOBL,43302599999,43295099999"
bangalore,04/02/2017,28,14.5,21.4,27.1,14.5,21.3,11.9,60.1,0,0,0,,0,0,35.3,22,94.9,1017.4,4.7,7.2,275.4,23.7,9,,2017-02-04T06:45:21,2017-02-04T18:21:53,0.25,Clear,Clear conditions throughout the day.,clear-day,"43296099999,VOBG,42705699999,VOBL,43302599999,43295099999"
bangalore,05/02/2017,29,14,21.5,27.7,14,21.2,9.7,54.1,0,0,0,,0,0,23.8,14.6,92.8,1016.9,1.3,7.2,279.2,24,10,,2017-02-05T06:45:08,2017-02-05T18:22:16,0.29,Clear,Clear conditions throughout the day.,clear-day,"43296099999,VOBG,42705699999,VOBL,43302599999,43295099999"
bangalore,06/02/2017,29.9,13.5,21.8,28.5,13.5,21.6,10.3,53.6,0,0,0,,0,0,27.7,11,95.8,1016.9,0,6.9,274.9,23.7,9,,2017-02-06T06:44:54,2017-02-06T18:22:38,0.33,Clear,Clear conditions throughout the day.,clear-day,"43296099999,VOBG,42705699999,VOBL,43302599999,43295099999"
bangalore,07/02/2017,30.3,14,22.7,28.4,14,22.2,8.7,46,0,0,0,,0,0,24.1,13,83.5,1016.7,0,7.5,278.1,24,10,,2017-02-07T06:44:40,2017-02-07T18:23:00,0.37,Clear,Clear conditions throughout the day.,clear-day,"43296099999,VOBG,42705699999,VOBL,43302599999,43295099999"
bangalore,08/02/2017,30.3,14,22.7,28.4,14,22.3,8,44.1,0,0,0,,0,0,28.4,16.2,93.7,1017.3,1.1,7.3,282.4,24.4,10,,2017-02-08T06:44:24,2017-02-08T18:23:21,0.4,Clear,Clear conditions throughout the day.,clear-day,"43296099999,VOBG,42705699999,VOBL,43302599999,43295099999"
bangalore,09/02/2017,30,14.5,22.6,28.3,14.5,22.2,8.4,45.2,0,0,0,,0,0,25.2,14.6,73,1016.7,1.1,7.4,282.6,24.6,10,,2017-02-09T06:44:07,2017-02-09T18:23:42,0.44,Clear,Clear conditions throughout the day.,clear-day,"43296099999,VOBG,42705699999,VOBL,43302599999,43295099999"
bangalore,10/02/2017,31,12.5,22.1,28.9,12.5,21.6,5.6,41.5,0,0,0,,0,0,26.3,16.9,90.7,1015.6,2.3,7.6,286,24.6,10,,2017-02-10T06:43:50,2017-02-10T18:24:02,0.47,Clear,Clear conditions throughout the day.,clear-day,"43296099999,VOBG,42705699999,VOBL,43302599999,43295099999"
bangalore,11/02/2017,30,13.5,21.8,28.1,13.5,21.4,8.7,50.5,0,0,0,,0,0,27.7,14.7,105.5,1016.7,0,7.1,286.4,24.6,10,,2017-02-11T06:43:31,2017-02-11T18:24:21,0.5,Clear,Clear conditions throughout the day.,clear-day,"43296099999,VOBG,42705699999,VOBL,43302599999,43295099999"
bangalore,12/02/2017,28.9,13.5,20.6,27.6,13.5,20.4,11,60.7,0,0,0,,0,0,31.3,21.9,102.2,1018.1,11.7,6.8,287.9,24.6,10,,2017-02-12T06:43:11,2017-02-12T18:24:40,0.54,Clear,Clear conditions throughout the day.,clear-day,"43296099999,VOBG,42705699999,VOBL,43302599999,43295099999"
bangalore,13/02/2017,27.9,14.5,21.2,27.3,14.5,21.1,12.4,61.8,0,0,0,,0,0,36.7,18.6,99.1,1019.5,16.6,7.4,276.6,23.7,10,,2017-02-13T06:42:51,2017-02-13T18:24:58,0.57,Clear,Clear conditions throughout the day.,clear-day,"43296099999,VOBG,42705699999,VOBL,43302599999,43295099999"
bangalore,14/02/2017,28,16,21.6,27.9,16,21.7,15.5,71,0,0,0,,0,0,41.4,20.5,95.8,1020.8,32.1,6.5,213.1,18.3,8,,2017-02-14T06:42:29,2017-02-14T18:25:16,0.6,Partially cloudy,Partly cloudy throughout the day.,partly-cloudy-day,"43296099999,43272099999,VOBG,42705699999,VOBL,43302599999,43295099999"
bangalore,15/02/2017,29.2,16.5,22.8,27.7,16.5,22.5,12.1,57.6,0,0,0,,0,0,41.4,20.7,86.7,1021.1,12.9,7.5,282.9,24.5,10,,2017-02-15T06:42:07,2017-02-15T18:25:33,0.64,Clear,Clear conditions throughout the day.,clear-day,"43296099999,VOBG,42705699999,VOBL,43302599999,43295099999"
bangalore,16/02/2017,28,13.5,21.7,27.1,13.5,21.5,10.1,52.3,0,0,0,,0,0,46.4,25.9,87.2,1019.4,3.5,7,293.4,25.3,10,,2017-02-16T06:41:44,2017-02-16T18:25:49,0.67,Clear,Clear conditions throughout the day.,clear-day,"43296099999,VOBG,42705699999,VOBL,43302599999,43295099999"
bangalore,17/02/2017,28,14,21.3,27.2,14,21.2,10.7,53.9,0,0,0,,0,0,49.3,26,87,1018.2,0,7.1,290.3,25,10,,2017-02-17T06:41:20,2017-02-17T18:26:05,0.7,Clear,Clear conditions throughout the day.,clear-day,"43296099999,43272099999,VOBG,42705699999,VOBL,43302599999,43295099999"
bangalore,18/02/2017,30.3,13.5,22.8,28.5,13.5,22.3,9.8,50,0,0,0,,0,0,45.4,29.5,80.7,1018.7,1.2,7.3,290.6,24.9,10,,2017-02-18T06:40:55,2017-02-18T18:26:20,0.73,Clear,Clear conditions throughout the day.,clear-day,"43296099999,VOBG,42705699999,VOBL,43302599999,43295099999"
bangalore,19/02/2017,30.9,14,23.2,29.1,14,22.7,10.3,50.4,0,0,0,,0,0,36.4,14.6,57.9,1018,22.2,7,276.4,24,9,,2017-02-19T06:40:29,2017-02-19T18:26:35,0.75,Partially cloudy,Partly cloudy throughout the day.,partly-cloudy-day,"43296099999,VOBG,42705699999,VOBL,43302599999,43295099999"
bangalore,20/02/2017,32,14.5,23.8,29.8,14.5,23.2,9.1,44.6,0,0,0,,0,0,22.3,11.1,78.5,1015.5,19.1,7,286.8,24.7,10,,2017-02-20T06:40:02,2017-02-20T18:26:49,0.8,Clear,Clear conditions throughout the day.,clear-day,"43296099999,VOBG,42705699999,VOBL,43302599999,43295099999"
bangalore,21/02/2017,33.1,15.5,24.7,30.9,15.5,24.1,10.3,46.2,0,0,0,,0,0,24.1,11.1,201.1,1014.7,15.1,6.8,287.5,24.7,10,,2017-02-21T06:39:35,2017-02-21T18:27:02,0.83,Clear,Clear conditions throughout the day.,clear-day,"43296099999,VOBG,42705699999,VOBL,43302599999,43295099999"
bangalore,22/02/2017,34,16.5,25.9,31.8,16.5,25.2,9.2,39.2,0,0,0,,0,0,31.7,14.8,89.1,1015.1,2,6.7,289,24.9,10,,2017-02-22T06:39:07,2017-02-22T18:27:15,0.86,Clear,Clear conditions throughout the day.,clear-day,"43296099999,VOBG,42705699999,VOBL,43302599999,43295099999"
bangalore,23/02/2017,33.9,17.5,25.9,31.7,17.5,25.1,9.3,39.3,0,0,0,,0,0,37.4,18.3,81.2,1016.3,0.3,7.4,292.4,25.3,10,,2017-02-23T06:38:38,2017-02-23T18:27:28,0.89,Clear,Clear conditions throughout the day.,clear-day,"43296099999,VOBG,42705699999,VOBL,43302599999,43295099999"
bangalore,24/02/2017,34.3,15.1,25.9,31.7,15.1,25,9,41.4,0,0,0,,0,0,42.5,23.9,89.5,1017.1,2.4,7.3,298,25.7,10,,2017-02-24T06:38:09,2017-02-24T18:27:40,0.92,Clear,Clear conditions throughout the day.,clear-day,"43296099999,VOBG,42705699999,VOBL,43302599999,43295099999"
bangalore,25/02/2017,33.9,15.5,25.6,31.5,15.5,24.8,10,45.8,0,0,0,,0,0,37.1,27,81.2,1017,6.8,7.1,296.4,25.7,10,,2017-02-25T06:37:38,2017-02-25T18:27:51,0.96,Clear,Clear conditions throughout the day.,clear-day,"43296099999,VOBG,42705699999,VOBL,43302599999,43295099999"
bangalore,26/02/2017,32.1,17.5,25,30,17.5,24.4,12.9,53.9,0,0,0,,0,0,31.7,18.3,75.6,1015.1,16.6,7,290.7,25.1,10,,2017-02-26T06:37:08,2017-02-26T18:28:02,0,Clear,Clear conditions throughout the day.,clear-day,"43296099999,VOBG,42705699999,VOBL,remote,43302599999,43295099999"
bangalore,27/02/2017,30,16.5,23.5,28.2,16.5,23.1,10.1,51.5,0,0,0,,0,0,43.9,22.4,94.9,1016.3,34.7,7.4,274.6,23.8,9,,2017-02-27T06:36:36,2017-02-27T18:28:13,0.02,Partially cloudy,Partly cloudy throughout the day.,partly-cloudy-day,"43296099999,VOBG,42705699999,VOBL,43302599999,43295099999"
bangalore,28/02/2017,31.6,16.5,24,29.4,16.5,23.4,7.4,43.5,0,0,0,,0,0,43.6,25.6,82.3,1016.6,11.6,7.3,304.5,26.3,10,,2017-02-28T06:36:04,2017-02-28T18:28:23,0.06,Clear,Clear conditions throughout the day.,clear-day,"43296099999,VOBG,42705699999,VOBL,43302599999,43295099999"
bangalore,01/03/2017,31.4,14,23.6,29.3,14,23,6.1,36.7,0,0,0,,0,0,49.7,27.7,83.8,1016.3,23.2,7.7,298,25.9,10,,2017-03-01T06:35:31,2017-03-01T18:28:33,0.09,Partially cloudy,Becoming cloudy in the afternoon.,partly-cloudy-day,"43296099999,VOBG,42705699999,VOBL,43302599999,43295099999"
bangalore,02/03/2017,31,14.5,23.1,28.9,14.5,22.6,8.4,45.7,0,0,0,,0,0,29.9,18.2,90.6,1015.1,22.4,7.3,298.8,25.8,10,,2017-03-02T06:34:58,2017-03-02T18:28:42,0.13,Partially cloudy,Partly cloudy throughout the day.,partly-cloudy-day,"43296099999,VOBG,42705699999,VOBL,43302599999,43295099999"
bangalore,03/03/2017,31.9,16.9,24.5,30.5,16.9,24.1,13.4,56.2,0,0,0,,0,0,33.1,22.1,112.1,1012.8,23.2,7.4,273.9,23.7,10,,2017-03-03T06:34:24,2017-03-03T18:28:51,0.17,Partially cloudy,Becoming cloudy in the afternoon.,partly-cloudy-day,"43296099999,VOBG,42705699999,VOBL,43302599999,43295099999"
bangalore,04/03/2017,32,20,25.7,31.5,20,25.5,16.4,60.5,0,0,0,,0,0,33.5,14.6,121.6,1012.7,36.1,7.6,261.9,22.7,9,,2017-03-04T06:33:50,2017-03-04T18:28:59,0.2,Partially cloudy,Partly cloudy throughout the day.,partly-cloudy-day,"43296099999,VOBG,42705699999,VOBL,43302599999,43295099999"
bangalore,05/03/2017,32.9,21,26.5,32.8,21,26.6,18.2,64.2,0.2,100,8.33,rain,0,0,26.6,21.8,194.1,1012.5,46.9,7.2,241.9,20.8,8,,2017-03-05T06:33:15,2017-03-05T18:29:07,0.25,"Rain, Partially cloudy",Partly cloudy throughout the day with rain.,rain,"43296099999,VOBG,42705699999,VOBL,43302599999,43295099999"
bangalore,06/03/2017,31.1,23,26.2,31.8,23,26.6,18.8,65.2,7.359,100,4.17,rain,0,0,26.3,14.7,182,1012.4,58.5,6.9,217.6,18.9,7,,2017-03-06T06:32:39,2017-03-06T18:29:15,0.27,"Rain, Partially cloudy",Partly cloudy throughout the day with late afternoon rain.,rain,"43296099999,43272099999,VOBG,42705699999,VOBL,43302599999,43295099999"
bangalore,07/03/2017,32,21,25.9,32.3,21,26.1,18.3,66.9,36.16,100,4.17,rain,0,0,24.1,18.3,154.8,1012.5,48.3,6.8,229.3,20,8,,2017-03-07T06:32:04,2017-03-07T18:29:22,0.31,"Rain, Partially cloudy",Partly cloudy throughout the day with late afternoon rain.,rain,"43296099999,VOBG,42705699999,VOBL,43302599999,43295099999"
bangalore,08/03/2017,30.1,21,25.1,30.3,21,25.1,18.3,69.1,0.1,100,4.17,rain,0,0,27.7,10.9,119.8,1012.8,53.9,6,241.9,20.9,8,,2017-03-08T06:31:27,2017-03-08T18:29:29,0.34,"Rain, Partially cloudy",Partly cloudy throughout the day with afternoon rain.,rain,"43296099999,VOBG,42705699999,VOBL,43302599999,43295099999"
bangalore,09/03/2017,32,21,26.2,32.2,21,26.4,18.1,64.3,0,0,0,,0,0,31.7,11.4,147.4,1011.9,35.8,6.5,258.3,22.4,9,,2017-03-09T06:30:51,2017-03-09T18:29:35,0.38,Partially cloudy,Partly cloudy throughout the day.,partly-cloudy-day,"43296099999,43272099999,VOBG,42705699999,VOBL,43302599999,43295099999"
bangalore,10/03/2017,32,22,26.8,32.7,22,26.9,17.1,57.9,0,0,0,,0,0,27,14.7,213.3,1012.6,39,7.7,262.2,22.6,9,,2017-03-10T06:30:14,2017-03-10T18:29:42,0.42,Partially cloudy,Partly cloudy throughout the day.,partly-cloudy-day,"43296099999,VOBG,42705699999,VOBL,43302599999,43295099999"
bangalore,11/03/2017,32.9,20,26.9,30.9,20,26.3,11.3,39.7,0.1,100,4.17,rain,0,0,88.9,17.8,265.7,1014.3,29.9,8.2,283.9,24.5,10,,2017-03-11T06:29:36,2017-03-11T18:29:48,0.45,"Rain, Partially cloudy",Partly cloudy throughout the day with early morning rain.,rain,"43296099999,VOBG,42705699999,VOBL,43302599999,43295099999"
bangalore,12/03/2017,32.9,21,27.3,31.6,21,26.7,12.3,41.8,0,0,0,,0,0,25.2,10.9,23.5,1014.5,32.4,8.1,308.9,26.6,10,,2017-03-12T06:28:58,2017-03-12T18:29:53,0.5,Partially cloudy,Clearing in the afternoon.,partly-cloudy-day,"43296099999,VOBG,42705699999,VOBL,43302599999,43295099999"
bangalore,13/03/2017,32.9,21.9,26.9,33.2,21.9,27,17.5,59.2,2,100,4.17,rain,0,0,30.2,18,144.1,1014.9,42.9,8,289,25,9,,2017-03-13T06:28:20,2017-03-13T18:29:59,0.52,"Rain, Partially cloudy",Partly cloudy throughout the day with late afternoon rain.,rain,"43296099999,VOBG,42705699999,VOBL,43302599999,43295099999"
bangalore,14/03/2017,29.9,22,25.1,30,22,25.3,18.4,68.1,3.4,100,33.33,rain,0,0,164.9,20.3,134.1,1015.6,51.8,7,202.6,17.5,7,,2017-03-14T06:27:42,2017-03-14T18:30:04,0.55,"Rain, Partially cloudy",Partly cloudy throughout the day with rain.,rain,"43296099999,43272099999,VOBG,42705699999,VOBL,43302599999,43295099999"
bangalore,15/03/2017,30.9,20.9,25.2,30.5,20.9,25.2,17.5,65.8,0.7,100,16.67,rain,0,0,50,27.3,111.9,1016,54.6,8,213.8,18.6,8,,2017-03-15T06:27:03,2017-03-15T18:30:09,0.59,"Rain, Partially cloudy",Partly cloudy throughout the day with rain.,rain,"43296099999,VOBG,42705699999,VOBL,43302599999,43295099999"
bangalore,16/03/2017,31.3,19.9,25.2,30,19.9,25,15.9,60.6,0,0,0,,0,0,29.5,14.6,145,1016,41.9,7.9,231.8,20,9,,2017-03-16T06:26:25,2017-03-16T18:30:14,0.62,Partially cloudy,Becoming cloudy in the afternoon.,partly-cloudy-day,"43296099999,VOBG,42705699999,VOBL,43302599999,43295099999"
bangalore,17/03/2017,32,19.5,26.4,31.3,19.5,26.2,15.6,54.5,0,0,0,,0,0,20.5,11.1,100.5,1015,32.1,7.7,250.1,21.8,8,,2017-03-17T06:25:45,2017-03-17T18:30:19,0.65,Partially cloudy,Partly cloudy throughout the day.,partly-cloudy-day,"43296099999,43272099999,VOBG,42705699999,VOBL,43302599999,43295099999"
bangalore,18/03/2017,33.9,21,27.6,32.6,21,27.2,15.5,52.7,0,0,0,,0,0,27.7,14.8,238.2,1015.7,34.1,7.7,287.2,24.8,10,,2017-03-18T06:25:06,2017-03-18T18:30:23,0.68,Partially cloudy,Partly cloudy throughout the day.,partly-cloudy-day,"43296099999,VOBG,42705699999,VOBL,43302599999,43295099999"
bangalore,19/03/2017,34.2,21.9,27.4,32.2,21.9,27,15.4,54.3,0,0,0,,0,0,28.4,18,159.6,1016,32.4,7.5,292.4,25.1,9,,2017-03-19T06:24:27,2017-03-19T18:30:27,0.71,Partially cloudy,Partly cloudy throughout the day.,partly-cloudy-day,"43296099999,VOBG,42705699999,VOBL,43302599999,43295099999"
bangalore,20/03/2017,33.4,22,27.2,32.3,22,27.1,17,57.4,0,0,0,,0,0,29.2,19.8,151.9,1015.1,34,8.1,243,20.9,8,,2017-03-20T06:23:47,2017-03-20T18:30:32,0.75,Partially cloudy,Partly cloudy throughout the day.,partly-cloudy-day,"43296099999,VOBG,42705699999,VOBL,43302599999,43295099999"
bangalore,21/03/2017,32,21.5,27,31.5,21.5,26.8,16.4,55.7,0.3,100,12.5,rain,0,0,25.6,14.7,130.6,1016.1,43,8.3,227,19.6,8,,2017-03-21T06:23:08,2017-03-21T18:30:36,0.78,"Rain, Partially cloudy",Partly cloudy throughout the day with rain.,rain,"43296099999,VOBG,42705699999,VOBL,43302599999,43295099999"
bangalore,22/03/2017,32.6,20.9,26.8,31.4,20.9,26.4,14.5,49.8,0,0,0,,0,0,28.8,17.7,92.2,1016.3,34.9,7.9,264.7,22.8,9,,2017-03-22T06:22:28,2017-03-22T18:30:40,0.81,Partially cloudy,Partly cloudy throughout the day.,partly-cloudy-day,"43296099999,VOBG,42705699999,VOBL,43302599999,43295099999"
bangalore,23/03/2017,33.7,20,26.7,31.5,20,26,12.5,47.5,0,0,0,,0,0,25.9,12.8,104.2,1015.9,29,7.6,312.8,27,10,,2017-03-23T06:21:48,2017-03-23T18:30:43,0.84,Partially cloudy,Partly cloudy throughout the day.,partly-cloudy-day,"43296099999,VOBG,42705699999,VOBL,43302599999,43295099999"
bangalore,24/03/2017,34,19.9,26.9,31.6,19.9,26.1,10,40.4,0,0,0,,0,0,36,21.7,95.5,1015.6,5.1,7.9,318.6,27.7,10,,2017-03-24T06:21:08,2017-03-24T18:30:47,0.88,Clear,Clear conditions throughout the day.,clear-day,"43296099999,VOBG,42705699999,VOBL,43302599999,43295099999"
bangalore,25/03/2017,34.9,20,27.5,32.3,20,26.5,8.6,35.4,0,0,0,,0,0,35.6,22.1,94.5,1016,0,8.2,318.5,27.6,10,,2017-03-25T06:20:28,2017-03-25T18:30:51,0.91,Clear,Clear conditions throughout the day.,clear-day,"43296099999,VOBG,42705699999,VOBL,43302599999,43295099999"
bangalore,26/03/2017,35.4,20,27.8,33,20,26.8,9.8,36.1,0,0,0,,0,0,42.5,25.7,91.9,1016,6.9,8,315.9,27.2,10,,2017-03-26T06:19:48,2017-03-26T18:30:55,0.94,Clear,Clear conditions throughout the day.,clear-day,"43296099999,VOBG,42705699999,VOBL,43302599999,43295099999"
bangalore,27/03/2017,34.6,19.9,27.5,32.4,19.9,26.6,9.6,35.9,0,0,0,,0,0,41.8,27.1,94.5,1016.3,0.2,8,317.5,27.4,10,,2017-03-27T06:19:08,2017-03-27T18:30:58,0.97,Clear,Clear conditions throughout the day.,clear-day,"43296099999,VOBG,42705699999,VOBL,43302599999,43295099999"
bangalore,28/03/2017,34.9,21.5,27.9,32.7,21.5,27.2,11.8,40.5,0,0,0,,0,0,35.6,20.4,120.6,1016.3,16.2,8.3,307.7,26.5,10,,2017-03-28T06:18:29,2017-03-28T18:31:02,0,Clear,Clear conditions throughout the day.,clear-day,"43296099999,VOBG,42705699999,VOBL,43302599999,43295099999"
bangalore,29/03/2017,35,21.9,28.1,33,21.9,27.5,13.2,44.5,0,0,0,,0,0,32.8,21.7,109.3,1015.9,17.7,8.1,304.8,26.4,10,,2017-03-29T06:17:49,2017-03-29T18:31:06,0.04,Clear,Clear conditions throughout the day.,clear-day,"43296099999,43272099999,VOBG,42705699999,VOBL,43302599999,43295099999"
bangalore,30/03/2017,34.9,21.9,27.9,32.7,21.9,27.2,12.3,43.7,0,0,0,,0,0,33.8,21.6,106.5,1016.2,17.5,7.7,314.5,27.3,10,,2017-03-30T06:17:09,2017-03-30T18:31:09,0.08,Clear,Clear conditions throughout the day.,clear-day,"43296099999,VOBG,42705699999,VOBL,43302599999,43295099999"
bangalore,31/03/2017,35,20.9,28.3,32.9,20.9,27.4,10.8,37.4,0,0,0,,0,0,43.9,22.3,104.6,1016.7,11.8,8,318.8,27.5,10,,2017-03-31T06:16:30,2017-03-31T18:31:13,0.11,Clear,Clear conditions throughout the day.,clear-day,"43296099999,VOBG,42705699999,VOBL,43302599999,43295099999"
bangalore,01/04/2017,35,21.9,28.4,33,21.9,27.7,11.6,38.5,0,0,0,,0,0,26.3,18,138.5,1015.8,12.6,7.1,309.1,26.7,10,,2017-04-01T06:15:50,2017-04-01T18:31:17,0.15,Clear,Clear conditions throughout the day.,clear-day,"43296099999,VOBG,42705699999,VOBL,43302599999,43295099999"
bangalore,02/04/2017,35,22,28.4,33.7,22,28,14.1,45.4,0,0,0,,0,0,24.8,14.5,160.5,1014.6,23.9,7.9,292.8,25.1,10,,2017-04-02T06:15:11,2017-04-02T18:31:21,0.18,Partially cloudy,Partly cloudy throughout the day.,partly-cloudy-day,"43296099999,VOBG,42705699999,VOBL,43302599999,43295099999"
bangalore,03/04/2017,35,22.9,28.7,34,22.9,28.4,15.2,47.5,0,0,0,,0,0,25.6,17.8,177.4,1015,30.9,8,282,24.4,9,,2017-04-03T06:14:32,2017-04-03T18:31:25,0.22,Partially cloudy,Partly cloudy throughout the day.,partly-cloudy-day,"43296099999,VOBG,42705699999,VOBL,43302599999,43295099999"
bangalore,04/04/2017,35,22,28.8,34.5,22,28.7,15.6,47,0,0,0,,0,0,23,14.4,191.2,1015.1,35.5,7.4,270.7,23.4,9,,2017-04-04T06:13:53,2017-04-04T18:31:29,0.25,Partially cloudy,Partly cloudy throughout the day.,partly-cloudy-day,"43296099999,VOBG,42705699999,VOBL,43302599999,43295099999"
bangalore,05/04/2017,35,22,27.1,35.1,22,27.4,17.9,59.9,3.92,100,4.17,rain,0,0,44.6,18,243.6,1014.9,39.5,7.5,253.7,21.8,9,,2017-04-05T06:13:14,2017-04-05T18:31:33,0.29,"Rain, Partially cloudy",Becoming cloudy in the afternoon with late afternoon rain.,rain,"43296099999,VOBG,42705699999,VOBL,43302599999,43295099999"
bangalore,06/04/2017,34,22,27,35,22,27.4,18.9,64.6,0.6,100,4.17,rain,0,0,21.6,19.6,201,1013.6,52.5,6.8,247.5,21.4,9,,2017-04-06T06:12:36,2017-04-06T18:31:37,0.32,"Rain, Partially cloudy",Partly cloudy throughout the day with late afternoon rain.,rain,"43296099999,VOBG,42705699999,VOBL,43302599999,43295099999"
bangalore,07/04/2017,34.1,22,28.2,34.4,22,28.4,17.4,55,0.481,100,4.17,rain,0,0,27,14.7,239.4,1014,42.1,7.8,248.7,21.6,9,,2017-04-07T06:11:58,2017-04-07T18:31:41,0.36,"Rain, Partially cloudy",Partly cloudy throughout the day with early morning rain.,rain,"43296099999,43272099999,VOBG,42705699999,VOBL,43302599999,43295099999"
bangalore,08/04/2017,35.9,24,29.4,35,24,29.2,16,47.8,0,0,0,,0,0,31.7,20.2,129.2,1013.3,30.2,7.9,256.4,22.1,9,,2017-04-08T06:11:20,2017-04-08T18:31:46,0.39,Partially cloudy,Partly cloudy throughout the day.,partly-cloudy-day,"43296099999,VOBG,42705699999,VOBL,43302599999,43295099999"
bangalore,09/04/2017,35,21.5,28.9,33.9,21.5,28.7,16.1,50.2,0,0,0,,0,0,25.9,25.3,123.4,1013.5,23.5,8.4,262.7,22.6,9,,2017-04-09T06:10:42,2017-04-09T18:31:51,0.43,Partially cloudy,Partly cloudy throughout the day.,partly-cloudy-day,"43296099999,VOBG,42705699999,VOBL,43302599999,43295099999"
bangalore,10/04/2017,35.9,22,28.6,35.2,22,28.7,16.6,51.2,0.092,100,4.17,rain,0,0,24.1,16.4,138.6,1013,36.8,8.1,258.6,22.3,9,,2017-04-10T06:10:05,2017-04-10T18:31:56,0.47,"Rain, Partially cloudy",Partly cloudy throughout the day with afternoon rain.,rain,"43296099999,VOBG,42705699999,VOBL,43302599999,43295099999"
bangalore,11/04/2017,35.9,22.9,28.9,35.3,22.9,28.7,15.5,47.3,0,0,0,,0,0,31.3,18.2,99.6,1012.9,34.6,8,270.5,23.5,9,,2017-04-11T06:09:28,2017-04-11T18:32:01,0.5,Partially cloudy,Partly cloudy throughout the day.,partly-cloudy-day,"43296099999,VOBG,42705699999,VOBL,43302599999,43295099999"
bangalore,12/04/2017,35.9,22,29.2,33.9,22,28.8,14.6,46,0,0,0,,0,0,31.3,14.9,83.9,1013.3,27.9,7.8,273,23.5,9,,2017-04-12T06:08:52,2017-04-12T18:32:06,0.53,Partially cloudy,Partly cloudy throughout the day.,partly-cloudy-day,"43296099999,VOBG,42705699999,VOBL,43302599999,43295099999"
bangalore,13/04/2017,35.9,22.9,29,33.4,22.9,28.2,11.9,41.8,0,0,0,,0,0,31.7,15,92.9,1013.8,6.7,8.2,319.7,27.6,10,,2017-04-13T06:08:16,2017-04-13T18:32:12,0.57,Clear,Clear conditions throughout the day.,clear-day,"43296099999,VOBG,42705699999,VOBL,43302599999,43295099999"
bangalore,14/04/2017,35,19.5,27.9,32.5,19.5,27.1,11.9,43.5,0,0,0,,0,0,26.3,16.3,116.8,1013.2,17.5,7.6,311.8,26.8,10,,2017-04-14T06:07:40,2017-04-14T18:32:18,0.6,Clear,Clear conditions throughout the day.,clear-day,"43296099999,VOBG,42705699999,VOBL,43302599999,43295099999"
bangalore,15/04/2017,35.2,21,28.3,33.4,21,27.8,13.7,46.9,0,0,0,,0,0,27,16.4,245.8,1011.8,24.8,8.2,274,23.7,10,,2017-04-15T06:07:05,2017-04-15T18:32:24,0.63,Partially cloudy,Partly cloudy throughout the day.,partly-cloudy-day,"43296099999,VOBG,42705699999,VOBL,43302599999,43295099999"
bangalore,16/04/2017,34.9,23,27.4,34.9,23,27.8,17.3,56,2.8,100,4.17,rain,0,0,31.3,20.5,232.1,1011.9,39.7,7.3,273,23.8,9,,2017-04-16T06:06:30,2017-04-16T18:32:30,0.66,"Rain, Partially cloudy",Partly cloudy throughout the day with afternoon rain.,rain,"43296099999,VOBG,42705699999,VOBL,43302599999,43295099999"
bangalore,17/04/2017,34,22.3,25.9,34.9,22.3,26.2,17.9,63,14.202,100,12.5,rain,0,0,46.4,27.3,247.7,1013.2,49.1,7.4,275.7,23.6,10,,2017-04-17T06:05:56,2017-04-17T18:32:37,0.7,"Rain, Partially cloudy",Partly cloudy throughout the day with rain.,rain,"43296099999,VOBG,42705699999,VOBL,43302599999,43295099999"
bangalore,18/04/2017,35.1,21.9,28.5,35,21.9,28.7,17.4,53.9,0,0,0,,0,0,28.8,18.2,254.7,1013,38.7,7.5,269.6,23.3,10,,2017-04-18T06:05:22,2017-04-18T18:32:43,0.73,Partially cloudy,Partly cloudy throughout the day.,partly-cloudy-day,"43296099999,VOBG,42705699999,VOBL,43302599999,43295099999"
bangalore,19/04/2017,35,23.9,29,35,23.9,29.4,18.7,57.3,0.3,100,4.17,rain,0,0,31,17.7,238,1012.9,37.1,8,265.8,22.9,9,,2017-04-19T06:04:49,2017-04-19T18:32:51,0.75,"Rain, Partially cloudy",Partly cloudy throughout the day with late afternoon rain.,rain,"43296099999,VOBG,42705699999,VOBL,43302599999,43295099999"
bangalore,20/04/2017,34.6,24,27,36,24,27.6,20.1,67.9,0.584,100,8.33,rain,0,0,29.9,20.4,254.6,1012.9,51.6,7.1,248.7,21.5,9,,2017-04-20T06:04:16,2017-04-20T18:32:58,0.8,"Rain, Partially cloudy",Partly cloudy throughout the day with rain.,rain,"43296099999,VOBG,42705699999,VOBL,43302599999,43295099999"
bangalore,21/04/2017,32.4,22,26.5,34.1,22,27.1,19.4,66.4,2.1,100,8.33,rain,0,0,64.8,18.2,243,1013.8,49.3,6.7,232.7,20.1,9,,2017-04-21T06:03:44,2017-04-21T18:33:06,0.83,"Rain, Partially cloudy",Partly cloudy throughout the day with late afternoon rain.,rain,"43296099999,43272099999,VOBG,42705699999,VOBL,43302599999,43295099999"
bangalore,22/04/2017,34.9,22.9,28.6,35,22.9,29,18.5,58.7,0,0,0,,0,0,34.2,18.4,274.1,1013.3,41,8.2,270.8,23.4,9,,2017-04-22T06:03:12,2017-04-22T18:33:14,0.86,Partially cloudy,Partly cloudy throughout the day.,partly-cloudy-day,"43296099999,VOBG,42705699999,VOBL,43302599999,43295099999"
bangalore,23/04/2017,35.3,23.9,28.9,33.9,23.9,28.7,16.7,53.7,0,0,0,,0,0,33.8,20.5,281.4,1013.5,34.6,8.2,305.3,26.5,10,,2017-04-23T06:02:41,2017-04-23T18:33:22,0.89,Partially cloudy,Partly cloudy throughout the day.,partly-cloudy-day,"43296099999,VOBG,42705699999,VOBL,43302599999,43295099999"
bangalore,24/04/2017,35.7,23,29.4,34.5,23,29.1,15.7,47.7,0,0,0,,0,0,48.2,15.7,285.8,1013.6,28.9,8,266.4,23.3,9,,2017-04-24T06:02:11,2017-04-24T18:33:31,0.93,Partially cloudy,Partly cloudy throughout the day.,partly-cloudy-day,"43296099999,VOBG,42705699999,VOBL,43302599999,43295099999"
bangalore,25/04/2017,35.9,22.7,28.1,35.8,22.7,28.3,17.4,55.1,0.2,100,4.17,rain,0,0,31,18.4,255.1,1013.9,45.9,7.4,263.5,22.7,9,,2017-04-25T06:01:41,2017-04-25T18:33:39,0.96,"Rain, Partially cloudy",Becoming cloudy in the afternoon with late afternoon rain.,rain,"43296099999,VOBG,42705699999,VOBL,43302599999,43295099999"
bangalore,26/04/2017,35,22,28.6,34.6,22,28.4,15.5,47.8,0.2,100,8.33,rain,0,0,22.7,14.5,240.9,1013.9,48.7,7.9,276.7,23.9,9,,2017-04-26T06:01:12,2017-04-26T18:33:49,0,"Rain, Partially cloudy",Partly cloudy throughout the day with late afternoon rain.,rain,"43296099999,VOBG,42705699999,VOBL,43302599999,43295099999"
bangalore,27/04/2017,36,24,29.4,34.7,24,29.5,16.6,49.8,0,0,0,,0,0,20.2,17.7,153.6,1014.2,38.3,7.9,256.6,22,9,,2017-04-27T06:00:43,2017-04-27T18:33:58,0.03,Partially cloudy,Partly cloudy throughout the day.,partly-cloudy-day,"43296099999,VOBG,42705699999,VOBL,43302599999,43295099999"
bangalore,28/04/2017,35,23.3,28.5,35,23.3,28.5,16.5,50.8,0.952,100,4.17,rain,0,0,42.5,22.1,260.1,1014.7,39.6,7.7,281.1,24.2,10,,2017-04-28T06:00:15,2017-04-28T18:34:08,0.06,"Rain, Partially cloudy",Partly cloudy throughout the day with late afternoon rain.,rain,"43296099999,VOBG,42705699999,VOBL,43302599999,43295099999"
bangalore,29/04/2017,34.9,21,26.3,35.5,21,26.4,17.2,61,3.72,100,4.17,rain,0,0,53.6,25.1,281.6,1015.2,49.2,6.7,288.3,24.9,10,,2017-04-29T05:59:48,2017-04-29T18:34:19,0.1,"Rain, Partially cloudy",Becoming cloudy in the afternoon with afternoon rain.,rain,"43296099999,VOBG,42705699999,VOBL,43302599999,43295099999"
bangalore,30/04/2017,35,20.3,27.8,34.1,20.3,27.5,14.9,48.6,0.4,100,4.17,rain,0,0,17.3,12.9,67,1014.2,36.1,8,284.1,24.6,9,,2017-04-30T05:59:22,2017-04-30T18:34:29,0.13,"Rain, Partially cloudy",Partly cloudy throughout the day with early morning rain.,rain,"43296099999,VOBG,42705699999,VOBL,43302599999,43295099999"
bangalore,01/05/2017,34.9,22.2,27.1,34.2,22.2,27,15.9,52.3,1.213,100,8.33,rain,0,0,27.7,18.4,193.3,1014.7,51,7.3,288.6,24.8,9,,2017-05-01T05:58:56,2017-05-01T18:34:40,0.17,"Rain, Partially cloudy",Partly cloudy throughout the day with rain.,rain,"43296099999,VOBG,42705699999,VOBL,43302599999,43295099999"
bangalore,02/05/2017,33,22,27.2,32.5,22,27,15.5,50.6,1.2,100,12.5,rain,0,0,20.5,19.5,151,1015.3,46.4,8,277.3,23.9,10,,2017-05-02T05:58:31,2017-05-02T18:34:51,0.2,"Rain, Partially cloudy",Partly cloudy throughout the day with rain.,rain,"43296099999,VOBG,42705699999,VOBL,43302599999,43295099999"
bangalore,03/05/2017,32.8,22.9,27.6,33.7,22.9,28,18.1,57.9,0.3,100,4.17,rain,0,0,24.5,14.4,163.8,1015.3,40.3,8.1,278.8,24,10,,2017-05-03T05:58:07,2017-05-03T18:35:03,0.25,"Rain, Partially cloudy",Partly cloudy throughout the day with late afternoon rain.,rain,"43296099999,VOBG,42705699999,VOBL,43302599999,43295099999"
bangalore,04/05/2017,35,21.6,27.7,34.6,21.6,27.7,17.5,58.1,0,0,0,,0,0,26.3,64.1,213.4,1015.1,39.3,8.1,284.3,24.6,9,,2017-05-04T05:57:43,2017-05-04T18:35:15,0.27,Partially cloudy,Partly cloudy throughout the day.,wind,"43296099999,VOBG,42705699999,VOBL,43302599999,43295099999"
bangalore,05/05/2017,35,21.5,28.9,35,21.5,29.2,18,55.1,0,0,0,,0,0,20.9,18.1,129.3,1014.8,36.2,8.2,294.1,25.4,10,,2017-05-05T05:57:20,2017-05-05T18:35:27,0.3,Partially cloudy,Partly cloudy throughout the day.,partly-cloudy-day,"43296099999,VOBG,42705699999,VOBL,43302599999,43295099999"
bangalore,06/05/2017,34.3,24,29.2,35.5,24,29.8,18.8,55.9,1,100,8.33,rain,0,0,34.6,16.6,205.2,1015.4,48.9,8,268.9,23.2,9,,2017-05-06T05:56:58,2017-05-06T18:35:40,0.34,"Rain, Partially cloudy",Partly cloudy throughout the day with late afternoon rain.,rain,"43296099999,VOBG,42705699999,VOBL,43302599999,43295099999"
bangalore,07/05/2017,36.4,21.1,27.2,36.5,21.1,27.5,18.2,61.7,0.816,100,4.17,rain,0,0,55.4,29.2,60.3,1015.8,52.8,6.9,263.9,22.7,9,,2017-05-07T05:56:37,2017-05-07T18:35:53,0.37,"Rain, Partially cloudy",Partly cloudy throughout the day with late afternoon rain.,rain,"43296099999,VOBG,42705699999,VOBL,43302599999,43295099999"
bangalore,08/05/2017,32,21,26.1,32.3,21,26.4,18.2,63.6,0.5,100,16.67,rain,0,0,21.2,32.6,216.9,1014.9,56.7,7.9,209.4,18.1,8,,2017-05-08T05:56:17,2017-05-08T18:36:06,0.41,"Rain, Partially cloudy",Partly cloudy throughout the day with rain.,rain,"43296099999,VOBG,42705699999,VOBL,43302599999,43295099999"
bangalore,09/05/2017,32.3,23,26,34.6,23,26.6,19.9,70.3,0.032,100,4.17,rain,0,0,28.1,15.7,252.8,1013.7,52,7.3,263.3,22.7,10,,2017-05-09T05:55:57,2017-05-09T18:36:20,0.44,"Rain, Partially cloudy",Partly cloudy throughout the day with late afternoon rain.,rain,"43296099999,VOBG,42705699999,VOBL,43302599999,43295099999"
bangalore,10/05/2017,33,20.5,26,34.4,20.5,26.5,19,68.4,0.481,100,4.17,rain,0,0,174.2,15,190.2,1013.8,51.7,7.3,269.7,23.3,9,,2017-05-10T05:55:38,2017-05-10T18:36:34,0.48,"Rain, Partially cloudy",Partly cloudy throughout the day with late afternoon rain.,rain,"43296099999,VOBG,42705699999,VOBL,43302599999,43295099999"
bangalore,11/05/2017,30.6,22,25.6,31.9,22,26.2,19.6,70,0.16,100,4.17,rain,0,0,27,18.4,212.2,1013.9,54.5,7.4,227.5,19.5,8,,2017-05-11T05:55:20,2017-05-11T18:36:48,0.5,"Rain, Partially cloudy",Partly cloudy throughout the day with afternoon rain.,rain,"43296099999,VOBG,42705699999,VOBL,43302599999,43295099999"
bangalore,12/05/2017,32,22,27.1,32.9,22,27.9,20,67.5,6.3,100,20.83,rain,0,0,24.8,16.5,127.6,1013.6,45.9,7.9,266.4,23,9,,2017-05-12T05:55:03,2017-05-12T18:37:03,0.55,"Rain, Partially cloudy",Partly cloudy throughout the day with rain.,rain,"43296099999,VOBG,42705699999,VOBL,43302599999,43295099999"
bangalore,13/05/2017,33,23,27.8,33.9,23,28.7,20.2,65.9,0.6,100,8.33,rain,0,0,22,14.5,215.8,1012.9,44.2,7.9,273.6,23.5,9,,2017-05-13T05:54:47,2017-05-13T18:37:18,0.58,"Rain, Partially cloudy",Partly cloudy throughout the day with early morning rain.,rain,"43296099999,VOBG,42705699999,VOBL,43302599999,43295099999"
bangalore,14/05/2017,33.9,23.5,27,35.2,23.5,27.8,20.7,70.4,3.801,100,4.17,rain,0,0,29.9,20.1,258.3,1012.1,53.8,7.1,273.2,23.5,9,,2017-05-14T05:54:32,2017-05-14T18:37:33,0.61,"Rain, Partially cloudy",Partly cloudy throughout the day with late afternoon rain.,rain,"43296099999,VOBG,42705699999,VOBL,43302599999,43295099999"
bangalore,15/05/2017,33,21.5,26.8,35.2,21.5,27.5,18.7,63.1,0.1,100,4.17,rain,0,0,76,20.5,272.3,1012,37.5,7.8,264.8,22.8,10,,2017-05-15T05:54:17,2017-05-15T18:37:48,0.65,"Rain, Partially cloudy",Partly cloudy throughout the day with early morning rain.,rain,"43296099999,VOBG,42705699999,VOBL,43302599999,43295099999"
bangalore,16/05/2017,35.1,22,28.4,36.1,22,29.2,19.5,62,0.6,100,8.33,rain,0,0,26.6,15,257.8,1010.9,53,7.7,285,24.5,10,,2017-05-16T05:54:03,2017-05-16T18:38:04,0.68,"Rain, Partially cloudy",Partly cloudy throughout the day with late afternoon rain.,rain,"43296099999,VOBG,42705699999,VOBL,43302599999,43295099999"
bangalore,17/05/2017,34,22.1,27,37.3,22.1,28.1,20,66.9,10.266,100,8.33,rain,0,0,36,22.3,246.5,1011.3,52.3,7.9,290.1,25,10,,2017-05-17T05:53:50,2017-05-17T18:38:20,0.71,"Rain, Partially cloudy",Partly cloudy throughout the day with rain.,rain,"43296099999,VOBG,42705699999,VOBL,43302599999,43295099999"
bangalore,18/05/2017,34.9,20,26.8,36.8,20,27.4,20.4,71.9,13.632,100,8.33,rain,0,0,42.5,24.9,261.2,1012.9,56.9,7.1,281.6,24.4,10,,2017-05-18T05:53:38,2017-05-18T18:38:36,0.75,"Rain, Partially cloudy",Partly cloudy throughout the day with late afternoon rain.,rain,"43296099999,VOBG,42705699999,VOBL,43302599999,43295099999"
bangalore,19/05/2017,32,19.9,26.1,34.8,19.9,27.1,19.9,71.4,5.32,100,8.33,rain,0,0,41.8,27.1,263.5,1013.3,53.4,8,276.5,23.9,9,,2017-05-19T05:53:27,2017-05-19T18:38:53,0.75,"Rain, Partially cloudy",Partly cloudy throughout the day with early morning rain.,rain,"43296099999,VOBG,42705699999,VOBL,43302599999,43295099999"
bangalore,20/05/2017,33.9,20.9,27.1,36.3,20.9,28,19.3,65,34.357,100,4.17,rain,0,0,33.5,20.5,248.9,1012.6,55.8,7.7,278.6,24.2,10,,2017-05-20T05:53:17,2017-05-20T18:39:09,0.81,"Rain, Partially cloudy",Partly cloudy throughout the day with late afternoon rain.,rain,"43296099999,VOBG,42705699999,VOBL,43302599999,43295099999"
bangalore,21/05/2017,32,20.2,26,34,20.2,27.2,20.2,71.8,4.561,100,8.33,rain,0,0,36.7,24.9,259.1,1010.9,58.7,8.2,211,18.1,9,,2017-05-21T05:53:07,2017-05-21T18:39:26,0.85,"Rain, Partially cloudy",Partly cloudy throughout the day with early morning rain.,rain,"43296099999,VOBG,42705699999,VOBL,43302599999,43295099999"
bangalore,22/05/2017,31.9,19.4,26.8,33.6,19.4,28.1,21.3,73.8,25,100,4.17,rain,0,0,32,29.4,277.8,1011.7,54,7.7,259.5,22.5,9,,2017-05-22T05:52:59,2017-05-22T18:39:43,0.88,"Rain, Partially cloudy",Partly cloudy throughout the day with late afternoon rain.,rain,"43296099999,VOBG,42705699999,VOBL,43302599999,43295099999"
bangalore,23/05/2017,32.9,19.9,26.8,35.1,19.9,27.8,19.5,67.7,4.641,100,8.33,rain,0,0,30.6,20.3,271.3,1011.6,45.4,8,262.3,22.7,10,,2017-05-23T05:52:51,2017-05-23T18:40:00,0.91,"Rain, Partially cloudy",Partly cloudy throughout the day with early morning rain.,rain,"43296099999,VOBG,42705699999,VOBL,43302599999,43295099999"
bangalore,24/05/2017,32.9,21,26.6,34.4,21,27.3,19.6,68.7,13.124,100,12.5,rain,0,0,31.7,28.4,289.8,1011.1,52.8,7.8,255.3,22.2,9,,2017-05-24T05:52:44,2017-05-24T18:40:18,0.95,"Rain, Partially cloudy",Partly cloudy throughout the day with rain.,rain,"43296099999,VOBG,42705699999,VOBL,43302599999,43295099999"
bangalore,25/05/2017,32.9,22.3,27.2,35.1,22.3,28.6,20.9,70.3,3.1,100,20.83,rain,0,0,42.8,22.2,268.4,1010.4,53.5,8.3,253.8,21.9,9,,2017-05-25T05:52:38,2017-05-25T18:40:35,0.98,"Rain, Partially cloudy",Partly cloudy throughout the day with rain.,rain,"43296099999,VOBG,42705699999,VOBL,43302599999,43295099999"
bangalore,26/05/2017,32.9,21.1,27.2,36.8,21.1,28.6,21.9,74.9,55.757,100,8.33,rain,0,0,42.1,27.8,263.4,1010.5,55.8,8.1,260.3,22.5,10,,2017-05-26T05:52:33,2017-05-26T18:40:53,0,"Rain, Partially cloudy",Partly cloudy throughout the day with late afternoon rain.,rain,"43296099999,VOBG,42705699999,VOBL,43302599999,43295099999"
bangalore,27/05/2017,30.9,20.3,23.5,35.4,20.3,24.3,20.8,86,65.274,100,20.83,rain,0,0,87.1,22.1,251.3,1010.8,70.1,6.7,248.3,21.4,9,,2017-05-27T05:52:29,2017-05-27T18:41:11,0.05,"Rain, Partially cloudy",Partly cloudy throughout the day with rain.,rain,"43296099999,VOBG,42705699999,VOBL,43302599999,43295099999"
bangalore,28/05/2017,29.9,21,24.9,33.1,21,25.8,21.3,81.4,3.204,100,4.17,rain,0,0,42.8,25.9,260.7,1010.4,53.6,8.1,240.2,20.7,8,,2017-05-28T05:52:25,2017-05-28T18:41:29,0.08,"Rain, Partially cloudy",Partly cloudy throughout the day with early morning rain.,rain,"43296099999,43272099999,VOBG,42705699999,VOBL,43302599999,43295099999"
bangalore,29/05/2017,31,21.7,25.7,32.8,21.7,26.4,20.7,76,0,0,0,,0,0,45.7,27.6,263.3,1010.6,53.1,8,235.1,20.3,8,,2017-05-29T05:52:23,2017-05-29T18:41:47,0.12,Partially cloudy,Partly cloudy throughout the day.,partly-cloudy-day,"43296099999,VOBG,42705699999,VOBL,43302599999,43295099999"
bangalore,30/05/2017,31,21.9,25.6,32.3,21.9,26.1,19.8,72.1,0.092,100,4.17,rain,0,0,49,25.5,253.4,1010.2,47.3,8.2,264.2,22.9,9,,2017-05-30T05:52:21,2017-05-30T18:42:05,0.15,"Rain, Partially cloudy",Partly cloudy throughout the day with afternoon rain.,rain,"43296099999,VOBG,42705699999,VOBL,43302599999,43295099999"
bangalore,31/05/2017,29,21.1,25.1,30.6,21.1,25.5,19.9,73.9,0.4,100,8.33,rain,0,0,40.7,24,247.2,1010.4,51.6,8.3,249.3,21.6,8,,2017-05-31T05:52:20,2017-05-31T18:42:23,0.18,"Rain, Partially cloudy",Partly cloudy throughout the day with rain.,rain,"43296099999,VOBG,42705699999,VOBL,43302599999,43295099999"
bangalore,01/06/2017,31.2,21,26,32.9,21,26.7,20,71.8,1.1,100,20.83,rain,0,0,37.1,18.3,235.2,1010,37.5,8.2,252.8,21.7,9,,2017-06-01T05:52:20,2017-06-01T18:42:41,0.25,"Rain, Partially cloudy",Becoming cloudy in the afternoon with rain.,rain,"43296099999,VOBG,42705699999,VOBL,43302599999,43295099999"
bangalore,02/06/2017,31,22,26.4,33.6,22,27.6,21,73.6,1.4,100,20.83,rain,0,0,35.3,23.7,237.1,1010.4,40.8,8.4,220.7,19,8,,2017-06-02T05:52:20,2017-06-02T18:42:59,0.25,"Rain, Partially cloudy",Becoming cloudy in the afternoon with rain.,rain,"43296099999,VOBG,42705699999,VOBL,43302599999,43295099999"
bangalore,03/06/2017,31,22.7,26.2,33.6,22.7,27,20.2,70.9,0.5,100,12.5,rain,0,0,44.6,26.9,242.4,1012.1,42.9,8.7,233.9,20.1,9,,2017-06-03T05:52:22,2017-06-03T18:43:17,0.29,"Rain, Partially cloudy",Partly cloudy throughout the day with afternoon rain.,rain,"43296099999,VOBG,42705699999,VOBL,43302599999,43295099999"
bangalore,04/06/2017,30.9,21,26.1,32.9,21,26.9,19.8,70.1,1.2,100,4.17,rain,0,0,38.9,27.4,256.3,1012.1,43.4,8.3,239.9,20.8,9,,2017-06-04T05:52:24,2017-06-04T18:43:35,0.32,"Rain, Partially cloudy",Partly cloudy throughout the day with afternoon rain.,rain,"43296099999,VOBG,42705699999,VOBL,43302599999,43295099999"
bangalore,05/06/2017,31,21.5,25.7,32.9,21.5,26.2,20.3,74.5,0.008,100,4.17,rain,0,0,37.4,29.7,257.6,1012.3,53.4,8.1,217.2,18.7,7,,2017-06-05T05:52:27,2017-06-05T18:43:52,0.35,"Rain, Partially cloudy",Partly cloudy throughout the day with late afternoon rain.,rain,"43296099999,VOBG,42705699999,VOBL,43302599999,43295099999"
bangalore,06/06/2017,30.3,21.5,25.5,32.5,21.5,26.1,20.4,74.6,4.1,100,25,rain,0,0,42.5,25,262.4,1012.6,57,7.7,180,15.7,6,,2017-06-06T05:52:31,2017-06-06T18:44:10,0.39,"Rain, Partially cloudy",Partly cloudy throughout the day with rain.,rain,"43296099999,VOBG,42705699999,VOBL,43302599999,43295099999"
bangalore,07/06/2017,27.9,21.9,24.2,29.1,21.9,24.4,19.3,75.3,0.724,100,8.33,rain,0,0,55.4,25.7,288.4,1013.8,63.4,8,104.8,9,5,,2017-06-07T05:52:35,2017-06-07T18:44:28,0.42,"Rain, Partially cloudy",Partly cloudy throughout the day with late afternoon rain.,rain,"43296099999,VOBG,42705699999,VOBL,43302599999,43295099999"
bangalore,08/06/2017,29.4,21,24.5,30.3,21,24.8,19.2,74,2.1,100,29.17,rain,0,0,55.4,23.8,276.8,1012.4,64.6,8.1,122.7,10.5,4,,2017-06-08T05:52:40,2017-06-08T18:44:45,0.46,"Rain, Partially cloudy",Partly cloudy throughout the day with rain.,rain,"43296099999,VOBG,42705699999,VOBL,43302599999,43295099999"
bangalore,09/06/2017,28,21,23.4,29.6,21,23.6,20.2,83.3,7.08,100,4.17,rain,0,0,55.4,27.8,264.6,1011.5,62.7,6.9,154,13.3,7,,2017-06-09T05:52:46,2017-06-09T18:45:02,0.5,"Rain, Partially cloudy",Partly cloudy throughout the day with afternoon rain.,rain,"43296099999,VOBG,42705699999,VOBL,43302599999,43295099999"
bangalore,10/06/2017,27.9,21,23.8,30,21,24.1,19.7,79.1,8.5,100,33.33,rain,0,0,50.4,26.1,252.9,1010.9,67.5,6.8,146.3,12.5,7,,2017-06-10T05:52:52,2017-06-10T18:45:19,0.52,"Rain, Partially cloudy",Partly cloudy throughout the day with rain.,rain,"43296099999,VOBG,42705699999,VOBL,43302599999,43295099999"
bangalore,11/06/2017,28,21,23.6,29.2,21,23.7,19.6,79.5,0.92,100,4.17,rain,0,0,56.9,29.6,250.2,1010.5,65.5,8.1,177.4,15.3,7,,2017-06-11T05:53:00,2017-06-11T18:45:36,0.56,"Rain, Partially cloudy",Partly cloudy throughout the day with afternoon rain.,rain,"43296099999,VOBG,42705699999,VOBL,43302599999,43295099999"
bangalore,12/06/2017,24.9,20.3,22.7,24.9,20.3,22.7,20.2,86.3,0.368,100,4.17,rain,0,0,50.8,32.6,243.6,1010.3,71.9,6.8,104.6,9.1,5,,2017-06-12T05:53:07,2017-06-12T18:45:53,0.59,"Rain, Partially cloudy",Partly cloudy throughout the day with morning rain.,rain,"43296099999,VOBG,42705699999,VOBL,43302599999,43295099999"
bangalore,13/06/2017,28,21.3,24.3,30.6,21.3,24.8,20.9,82.7,0.92,100,4.17,rain,0,0,45.7,22.6,235.9,1010.4,67.9,7.6,178.6,15.4,7,,2017-06-13T05:53:16,2017-06-13T18:46:09,0.63,"Rain, Partially cloudy",Partly cloudy throughout the day with afternoon rain.,rain,"43296099999,VOBG,42705699999,VOBL,43302599999,43295099999"
bangalore,14/06/2017,30,22,25.8,32.5,22,26.7,20.7,75.2,0.9,100,20.83,rain,0,0,43.2,25.8,244.6,1011.8,54,8.3,211.8,18.3,8,,2017-06-14T05:53:25,2017-06-14T18:46:25,0.66,"Rain, Partially cloudy",Partly cloudy throughout the day with rain.,rain,"43296099999,VOBG,42705699999,VOBL,43302599999,43295099999"
bangalore,15/06/2017,29,22,25.1,31.3,22,25.7,19.9,73.8,0.4,100,12.5,rain,0,0,37.8,25.9,248.6,1012.4,51.9,8.4,211.1,18.3,7,,2017-06-15T05:53:35,2017-06-15T18:46:41,0.7,"Rain, Partially cloudy",Partly cloudy throughout the day with afternoon rain.,rain,"43296099999,VOBG,42705699999,VOBL,43302599999,43295099999"
bangalore,16/06/2017,28,21.4,23.1,30.1,21.4,23.3,20.4,85.6,7.282,100,4.17,rain,0,0,37.8,22.3,249.9,1012.3,66.8,7.1,166.5,14.4,7,,2017-06-16T05:53:45,2017-06-16T18:46:56,0.73,"Rain, Partially cloudy",Partly cloudy throughout the day with afternoon rain.,rain,"43296099999,VOBG,42705699999,VOBL,43302599999,43295099999"
bangalore,17/06/2017,26.9,21,23.5,28.4,21,23.6,20.5,83.9,1.5,100,20.83,rain,0,0,46.8,22.5,247.5,1012.1,53.5,7.6,197.4,17,8,,2017-06-17T05:53:56,2017-06-17T18:47:11,0.75,"Rain, Partially cloudy",Partly cloudy throughout the day with rain.,rain,"43296099999,VOBG,42705699999,VOBL,43302599999,43295099999"
bangalore,18/06/2017,29,20,24,31.3,20,24.5,20.5,81.9,3.76,100,8.33,rain,0,0,36.4,22.2,254.1,1011.4,63,7.6,209.8,18.1,8,,2017-06-18T05:54:07,2017-06-18T18:47:25,0.8,"Rain, Partially cloudy",Partly cloudy throughout the day with rain.,rain,"43296099999,VOBG,42705699999,VOBL,43302599999,43295099999"
bangalore,19/06/2017,27.8,20.2,23.8,29.5,20.2,24.1,20.5,82.4,0.148,100,4.17,rain,0,0,44.3,22.1,260.6,1011.3,67.6,7.3,182.5,15.7,7,,2017-06-19T05:54:19,2017-06-19T18:47:39,0.83,"Rain, Partially cloudy",Partly cloudy throughout the day with late afternoon rain.,rain,"43296099999,VOBG,42705699999,VOBL,43302599999,43295099999"
bangalore,20/06/2017,28,21,23.9,30,21,24.2,20.6,82.7,0.208,100,4.17,rain,0,0,42.8,20.7,246.5,1011.6,66.6,8,169.4,14.7,7,,2017-06-20T05:54:31,2017-06-20T18:47:53,0.87,"Rain, Partially cloudy",Partly cloudy throughout the day with afternoon rain.,rain,"43296099999,VOBG,42705699999,VOBL,43302599999,43295099999"
bangalore,21/06/2017,29,21,24.6,30.6,21,25,20.1,77.7,0,0,0,,0,0,42.8,27.5,252.2,1012.1,55.4,8.2,202.1,17.5,8,,2017-06-21T05:54:44,2017-06-21T18:48:06,0.9,Partially cloudy,Partly cloudy throughout the day.,partly-cloudy-day,"43296099999,VOBG,42705699999,VOBL,43302599999,43295099999"
bangalore,22/06/2017,29,21,24.5,30.7,21,24.8,20.1,77.8,0.064,100,4.17,rain,0,0,41,25.7,246.4,1012.4,52.8,7.9,198.5,17.1,7,,2017-06-22T05:54:57,2017-06-22T18:48:19,0.94,"Rain, Partially cloudy",Partly cloudy throughout the day with afternoon rain.,rain,"43296099999,VOBG,42705699999,VOBL,43302599999,43295099999"
bangalore,23/06/2017,30,20.2,25,31.3,20.2,25.5,19.6,73.8,0.9,100,29.17,rain,0,0,48.2,27.7,252.4,1011.6,44.3,8.2,201.8,17.4,8,,2017-06-23T05:55:11,2017-06-23T18:48:31,0.97,"Rain, Partially cloudy",Partly cloudy throughout the day with rain.,rain,"43296099999,VOBG,42705699999,VOBL,43302599999,43295099999"
bangalore,24/06/2017,29,21,24.5,30.7,21,24.8,19.7,75.7,1.3,100,16.67,rain,0,0,55.4,29.3,249.1,1010,59,7.8,188.4,16.4,7,,2017-06-24T05:55:25,2017-06-24T18:48:42,0,"Rain, Partially cloudy",Partly cloudy throughout the day with rain in the morning and afternoon.,rain,"43296099999,VOBG,42705699999,VOBL,43302599999,43295099999"
bangalore,25/06/2017,29,21,24.1,30.2,21,24.4,19.8,78.2,0.8,100,25,rain,0,0,60.1,36.9,247.6,1008.7,61.3,8.1,215.4,18.5,8,,2017-06-25T05:55:39,2017-06-25T18:48:53,0.04,"Rain, Partially cloudy",Partly cloudy throughout the day with rain.,rain,"43296099999,VOBG,42705699999,VOBL,43302599999,43295099999"
bangalore,26/06/2017,28,21.8,24.1,29.6,21.8,24.5,19.6,77,0.5,100,16.67,rain,0,0,62.6,33.4,241.4,1010,65,7.7,151.3,13.1,6,,2017-06-26T05:55:54,2017-06-26T18:49:04,0.07,"Rain, Partially cloudy",Partly cloudy throughout the day with a chance of rain throughout the day.,rain,"43296099999,VOBG,42705699999,VOBL,43302599999,43295099999"
bangalore,27/06/2017,29.3,20.9,23.8,30.2,20.9,24,19.2,77.2,0.7,100,16.67,rain,0,0,54.4,37.1,245.3,1011,58.6,7.5,112.4,9.6,5,,2017-06-27T05:56:09,2017-06-27T18:49:13,0.11,"Rain, Partially cloudy",Partly cloudy throughout the day with a chance of rain throughout the day.,rain,"43296099999,VOBG,42705699999,VOBL,43302599999,43295099999"
bangalore,28/06/2017,28.9,20.9,23.9,30.1,20.9,24,18.6,74.3,0.024,100,4.17,rain,0,0,61.6,37.2,245.6,1011.4,62.3,7.8,131.3,11.3,6,,2017-06-28T05:56:24,2017-06-28T18:49:22,0.14,"Rain, Partially cloudy",Partly cloudy throughout the day with late afternoon rain.,rain,"43296099999,VOBG,42705699999,VOBL,43302599999,43295099999"
bangalore,29/06/2017,28,20.5,24.4,29.2,20.5,24.7,18.9,73.1,0.6,100,20.83,rain,0,0,61.2,32,253.7,1011.6,62.8,8.1,168.2,14.5,6,,2017-06-29T05:56:39,2017-06-29T18:49:31,0.17,"Rain, Partially cloudy",Partly cloudy throughout the day with rain in the morning and afternoon.,rain,"43296099999,VOBG,42705699999,VOBL,43302599999,43295099999"
bangalore,30/06/2017,28.9,21,24.5,30.2,21,24.8,19.2,73.8,1.7,100,20.83,rain,0,0,51.1,33.5,251.3,1010.4,57.5,8,162.5,14.1,5,,2017-06-30T05:56:55,2017-06-30T18:49:39,0.2,"Rain, Partially cloudy",Partly cloudy throughout the day with rain.,rain,"43296099999,VOBG,42705699999,VOBL,43302599999,43295099999"
